machine_id_std,window_start,temp_mean_1h,temp_max_1h,pressure_mean_1h,pressure_max_1h,voltage_mean_1h,voltage_max_1h,rotation_mean_1h,rotation_max_1h,pieces_produced_sum_1h,window_end,temp_mean_6h,temp_max_6h,temp_std_6h,pressure_mean_6h,pressure_max_6h,pressure_std_6h,voltage_mean_6h,voltage_max_6h,voltage_std_6h,rotation_mean_6h,rotation_max_6h,rotation_std_6h,temp_mean_12h,temp_max_12h,temp_std_12h,pressure_mean_12h,pressure_max_12h,pressure_std_12h,voltage_mean_12h,voltage_max_12h,voltage_std_12h,rotation_mean_12h,rotation_max_12h,rotation_std_12h,temp_mean_24h,temp_max_24h,temp_std_24h,pressure_mean_24h,pressure_max_24h,pressure_std_24h,voltage_mean_24h,voltage_max_24h,voltage_std_24h,rotation_mean_24h,rotation_max_24h,rotation_std_24h,temp_trend_6h,pressure_trend_6h,voltage_trend_6h,rotation_trend_6h,temp_zscore_24h,temp_delta_1h,temp_delta_3h,pressure_delta_1h,pressure_delta_3h,rotation_delta_1h,rotation_delta_3h,voltage_delta_1h,voltage_delta_3h,temp_zscore_machine,pressure_zscore_machine,pieces_produced_sum_24h,capacity_utilization_pct,incident_count_1h,incident_max_severity_1h,incident_count_prev_24h,incident_max_severity_prev_24h,incident_count_prev_7d,hours_since_last_incident,type_surchauffe,type_baisse_pression,type_vibration,type_bruit_mecanique,type_surconsommation,type_blocage_mecanique,type_alarme_capteur,type_arret_urgence,type_defaut_qualite,type_surchauffe_count_prev_24h,type_baisse_pression_count_prev_24h,type_vibration_count_prev_24h,type_bruit_mecanique_count_prev_24h,type_surconsommation_count_prev_24h,type_blocage_mecanique_count_prev_24h,type_alarme_capteur_count_prev_24h,type_arret_urgence_count_prev_24h,type_defaut_qualite_count_prev_24h,days_since_last_maintenance,maintenance_count_prev_30d,future_incident_count_6h,label_failure_next_6h,future_incident_count_12h,label_failure_next_12h,future_incident_count_24h,label_failure_next_24h,future_incident_count_48h,label_failure_next_48h,split_set
MACH-01,2025-06-01T00:00:00,46.34,46.34,198.203,198.203,227.568,227.568,1541.787,1541.787,4,2025-06-01T01:00:00,46.34,46.34,,198.203,198.203,,227.568,227.568,,1541.787,1541.787,,46.34,46.34,,198.203,198.203,,227.568,227.568,,1541.787,1541.787,,46.34,46.34,,198.203,198.203,,227.568,227.568,,1541.787,1541.787,,,,,,,,,,,,,,,-0.9216344917664814,-0.6429035692980015,4,0.3472222222222222,0.0,,0.0,,0.0,,0,0,0,0,0,0,0,0,0,0,0,0,0,0,0,0,0,0,,0,0.0,False,0.0,False,0.0,False,0.0,False,train
MACH-01,2025-06-01T01:00:00,48.762,48.762,198.295,198.295,227.48,227.48,1537.86,1537.86,4,2025-06-01T02:00:00,47.551,48.762,1.712612624033816,198.249,198.295,0.0650538238691514,227.524,227.568,0.0622253967444319,1539.8235,1541.787,2.7768083297196675,47.551,48.762,1.712612624033816,198.249,198.295,0.0650538238691514,227.524,227.568,0.0622253967444319,1539.8235,1541.787,2.7768083297196675,47.551,48.762,1.712612624033816,198.249,198.295,0.0650538238691514,227.524,227.568,0.0622253967444319,1539.8235,1541.787,2.7768083297196675,,,,,0.7071067811865476,2.421999999999997,,0.0919999999999845,,-3.9270000000001346,,-0.0880000000000222,,-0.340839561434416,-0.5987655432977768,8,0.6944444444444444,0.0,,0.0,,0.0,,0,0,0,0,0,0,0,0,0,0,0,0,0,0,0,0,0,0,,0,0.0,False,0.0,False,0.0,False,0.0,False,train
MACH-01,2025-06-01T02:00:00,51.352,51.352,199.545,199.545,228.68,228.68,1584.66,1584.66,13,2025-06-01T03:00:00,48.818000000000005,51.352,2.5064692298131224,198.681,199.545,0.7496585889589998,227.90933333333336,228.68,0.6688657065011921,1554.769,1584.66,25.960725009136468,48.818000000000005,51.352,2.5064692298131224,198.681,199.545,0.7496585889589998,227.90933333333336,228.68,0.6688657065011921,1554.769,1584.66,25.960725009136468,48.818000000000005,51.352,2.5064692298131224,198.681,199.545,0.7496585889589998,227.90933333333336,228.68,0.6688657065011921,1554.769,1584.66,25.960725009136468,,,,,1.0109838851638016,2.5899999999999963,,1.25,,46.80000000000018,,1.200000000000017,,0.2802417224466942,0.0009358969227692,21,1.8229166666666667,0.0,,0.0,,0.0,,0,0,0,0,0,0,0,0,0,0,0,0,0,0,0,0,0,0,,0,0.0,False,0.0,False,0.0,False,0.0,False,train
MACH-01,2025-06-01T03:00:00,49.512,49.512,201.641,201.641,228.44,228.44,1588.96,1588.96,10,2025-06-01T04:00:00,48.9915,51.352,2.075733043208268,199.421,201.641,1.6015800531558422,228.042,228.68,0.6071704867662807,1563.31675,1588.96,27.231641196409804,48.9915,51.352,2.075733043208268,199.421,201.641,1.6015800531558422,228.042,228.68,0.6071704867662807,1563.31675,1588.96,27.231641196409804,48.9915,51.352,2.075733043208268,199.421,201.641,1.6015800531558422,228.042,228.68,0.6071704867662807,1563.31675,1588.96,27.231641196409804,,,,,0.2507547883881589,-1.8399999999999963,3.171999999999997,2.0960000000000036,3.437999999999988,4.2999999999999545,47.173,-0.2400000000000091,0.8719999999999857,-0.1609897688047506,1.0065152718845825,31,2.6909722222222223,0.0,,0.0,,0.0,,0,0,0,0,0,0,0,0,0,0,0,0,0,0,0,0,0,0,,0,0.0,False,0.0,False,0.0,False,0.0,False,train
MACH-01,2025-06-01T04:00:00,51.982,51.982,200.157,200.157,227.84,227.84,1548.66,1548.66,6,2025-06-01T05:00:00,49.5896,51.982,2.240562161601411,199.5682,201.641,1.425529094757455,228.0016,228.68,0.5335286309093461,1560.3854,1588.96,24.47725016826853,49.5896,51.982,2.240562161601411,199.5682,201.641,1.425529094757455,228.0016,228.68,0.5335286309093461,1560.3854,1588.96,24.47725016826853,49.5896,51.982,2.240562161601411,199.5682,201.641,1.425529094757455,228.0016,228.68,0.5335286309093461,1560.3854,1588.96,24.47725016826853,,,,,1.06776774195368,2.469999999999999,3.219999999999999,-1.4839999999999804,1.8620000000000232,-40.299999999999955,10.800000000000182,-0.5999999999999943,0.3600000000000136,0.4313155482556137,0.2945497220547596,37,3.2118055555555554,0.0,,0.0,,0.0,,0,0,0,0,0,0,0,0,0,0,0,0,0,0,0,0,0,0,,0,0.0,False,0.0,False,0.0,False,0.0,False,train
MACH-01,2025-06-01T05:00:00,50.402,50.402,199.914,199.914,227.5,227.5,1554.76,1554.76,4,2025-06-01T06:00:00,49.725,51.982,2.0312789074866084,199.6258333333333,201.641,1.2828235134525223,227.918,228.68,0.519284122614972,1559.4478333333334,1588.96,22.01324165511903,49.725,51.982,2.0312789074866084,199.6258333333333,201.641,1.2828235134525223,227.918,228.68,0.519284122614972,1559.4478333333334,1588.96,22.01324165511903,49.725,51.982,2.0312789074866084,199.6258333333333,201.641,1.2828235134525223,227.918,228.68,0.519284122614972,1559.4478333333334,1588.96,22.01324165511903,,,,,0.3332875645509861,-1.5799999999999983,-0.9499999999999956,-0.2430000000000234,0.3689999999999998,6.099999999999909,-29.90000000000009,-0.3400000000000034,-1.1800000000000068,0.0524319851157857,0.1779677620758743,41,3.5590277777777777,0.0,,0.0,,0.0,,0,0,0,0,0,0,0,0,0,0,0,0,0,0,0,0,0,0,,0,0.0,False,0.0,False,0.0,False,0.0,False,train
MACH-01,2025-06-01T06:00:00,49.732,49.732,198.551,198.551,227.65,227.65,1555.76,1555.76,7,2025-06-01T07:00:00,50.290333333333336,51.982,1.204548324753582,199.68383333333335,201.641,1.2115121818069676,227.9316666666667,228.68,0.5092118092372456,1561.7766666666666,1588.96,20.455162347599902,49.726,51.982,1.854297351199817,199.47228571428573,201.641,1.2395166684754906,227.87971428571427,228.68,0.4847410698114059,1558.921,1588.96,20.143531972654,49.726,51.982,1.854297351199817,199.47228571428573,201.641,1.2395166684754906,227.87971428571427,228.68,0.4847410698114059,1558.921,1588.96,20.143531972654,3.391999999999996,0.3479999999999847,0.0819999999999936,13.972999999999956,0.0032357269971388,-0.6700000000000017,0.2199999999999988,-1.3629999999999995,-3.0900000000000034,1.0,-33.200000000000045,0.1500000000000056,-0.789999999999992,-0.1082338296333824,-0.4759466883406088,48,4.166666666666666,0.0,,0.0,,0.0,,0,0,0,0,0,0,0,0,0,0,0,0,0,0,0,0,0,0,,0,0.0,False,0.0,False,0.0,False,0.0,False,train
MACH-01,2025-06-01T07:00:00,50.292,50.292,199.972,199.972,226.89,226.89,1593.86,1593.86,19,2025-06-01T08:00:00,50.54533333333333,51.982,0.9517072378975894,199.96333333333337,201.641,1.00242399545635,227.83333333333337,228.68,0.6510811521359501,1571.11,1593.86,20.133231235944365,49.79675,51.982,1.728369318172477,199.53475,201.641,1.161089974365224,227.756,228.68,0.5690764447769796,1563.288375,1593.86,22.369345376062583,49.79675,51.982,1.728369318172477,199.53475,201.641,1.161089974365224,227.756,228.68,0.5690764447769796,1563.288375,1593.86,22.369345376062583,1.5300000000000011,1.677000000000021,-0.5900000000000034,56.0,0.2865417678923277,0.5600000000000023,-1.6899999999999975,1.4210000000000207,-0.1850000000000022,38.09999999999991,45.19999999999982,-0.7600000000000193,-0.950000000000017,0.0260540155301016,0.2057939089021177,67,5.815972222222222,0.0,,0.0,,0.0,,0,0,0,0,0,0,0,0,0,0,0,0,0,0,0,0,0,0,,0,0.0,False,0.0,False,0.0,False,0.0,False,train
MACH-01,2025-06-01T08:00:00,48.672,48.672,200.262,200.262,226.05,226.05,1567.86,1567.86,12,2025-06-01T09:00:00,50.09866666666667,51.982,1.1126844416395285,200.0828333333333,201.641,0.985168699597521,227.395,228.44,0.8282692798842731,1568.3100000000002,1593.86,19.008708530565755,49.67177777777778,51.982,1.6596431678057906,199.61555555555557,201.641,1.112825021186074,227.56644444444444,228.68,0.7789408050537465,1563.7963333333332,1593.86,20.980022783591085,49.67177777777778,51.982,1.6596431678057906,199.61555555555557,201.641,1.112825021186074,227.56644444444444,228.68,0.7789408050537465,1563.7963333333332,1593.86,20.980022783591085,-2.6799999999999997,0.717000000000013,-2.6299999999999955,-16.800000000000182,-0.6024052622706743,-1.6200000000000043,-1.730000000000004,0.289999999999992,0.3480000000000132,-26.0,13.099999999999907,-0.839999999999975,-1.4499999999999886,-0.3624215365499766,0.3449246430332806,79,6.857638888888889,0.0,,0.0,,0.0,,0,0,0,0,0,0,0,0,0,0,0,0,0,0,0,0,0,0,,0,0.0,False,0.0,False,0.0,False,0.0,False,train
MACH-01,2025-06-01T09:00:00,46.692,46.692,199.051,199.051,225.11,225.11,1532.06,1532.06,5,2025-06-01T10:00:00,49.62866666666667,51.982,1.795891607716534,199.65116666666663,200.262,0.6887041212789948,226.84,227.84,1.0687562865312237,1558.8266666666666,1593.86,20.75906227811515,49.3738,51.982,1.8265477941856436,199.5591,201.641,1.0642622327227476,227.3208,228.68,1.068992131766071,1560.6227,1593.86,22.18048746107965,49.3738,51.982,1.8265477941856436,199.5591,201.641,1.0642622327227476,227.3208,228.68,1.068992131766071,1560.6227,1593.86,22.18048746107965,-2.8200000000000003,-2.5900000000000034,-3.329999999999984,-56.90000000000009,-1.4682342332003793,-1.9799999999999969,-3.039999999999999,-1.2110000000000127,0.5,-35.799999999999955,-23.700000000000045,-0.9399999999999976,-2.539999999999992,-0.8372249890922925,-0.2360661122523904,84,7.291666666666667,0.0,,0.0,,0.0,,0,0,0,0,0,0,0,0,0,0,0,0,0,0,0,0,0,0,,0,0.0,False,0.0,False,0.0,False,0.0,False,train
MACH-01,2025-06-01T10:00:00,46.772,46.772,198.124,198.124,227.03,227.03,1550.86,1550.86,10,2025-06-01T11:00:00,48.760333333333335,50.402,1.6866821474915463,199.31233333333333,200.262,0.8670743143852572,226.705,227.65,0.963114738751314,1559.1933333333334,1593.86,20.562068637825924,49.13727272727272,51.982,1.9021161421379655,199.42863636363637,201.641,1.0984612212297091,227.2943636363636,228.68,1.0179181963917563,1559.7351818181817,1593.86,21.247145581551344,49.13727272727272,51.982,1.9021161421379655,199.42863636363637,201.641,1.0984612212297091,227.2943636363636,228.68,1.0179181963917563,1559.7351818181817,1593.86,21.247145581551344,-5.210000000000001,-2.0330000000000155,-0.8100000000000023,2.199999999999818,-1.243495428525292,0.0799999999999983,-3.520000000000003,-0.9269999999999924,-1.8480000000000132,18.799999999999955,-43.0,1.9199999999999875,0.1400000000000147,-0.8180410112117953,-0.6808047003199437,94,8.159722222222223,0.0,,0.0,,0.0,,0,0,0,0,0,0,0,0,0,0,0,0,0,0,0,0,0,0,,0,0.0,False,0.0,False,0.0,False,0.0,False,train
MACH-01,2025-06-01T11:00:00,44.972,44.972,198.291,198.291,225.83,225.83,1556.66,1556.66,15,2025-06-01T12:00:00,47.855333333333334,50.292,2.0477662627035125,199.04183333333333,200.262,0.8945598731592361,226.42666666666665,227.65,0.9280876395398684,1559.51,1593.86,20.494657840520244,48.790166666666664,51.982,2.1759880444747326,199.33383333333333,201.641,1.097622872254847,227.17233333333337,228.68,1.058611383183674,1559.4789166666667,1593.86,20.27779940301186,48.790166666666664,51.982,2.1759880444747326,199.33383333333333,201.641,1.097622872254847,227.17233333333337,228.68,1.058611383183674,1559.4789166666667,1593.86,20.27779940301186,-5.43,-1.6229999999999905,-1.6699999999999875,1.900000000000091,-1.7546818220632,-1.7999999999999972,-3.699999999999996,0.1670000000000016,-1.9710000000000036,5.800000000000182,-11.199999999999818,-1.1999999999999886,-0.2199999999999988,-1.2496805135229916,-0.600684587906478,109,9.461805555555555,0.0,,0.0,,0.0,,0,0,0,0,0,0,0,0,0,0,0,0,0,0,0,0,0,0,,0,0.0,False,0.0,False,0.0,False,0.0,False,train
MACH-01,2025-06-01T12:00:00,43.322,43.322,197.29,197.29,225.49,225.49,1507.26,1507.26,11,2025-06-01T13:00:00,46.787,50.292,2.4959146620027015,198.83166666666668,200.262,1.1457896258330595,226.06666666666663,227.03,0.7628805061519736,1551.4266666666665,1593.86,29.745968914571623,48.538666666666664,51.982,2.615038095788328,199.25775,201.641,1.20911471182996,226.99916666666664,228.68,1.1536933445822286,1556.6016666666667,1593.86,24.931814590756883,48.36953846153846,51.982,2.576899707509803,199.17661538461536,201.641,1.1940290014946322,227.04292307692307,228.68,1.115787200555315,1555.4620769230771,1593.86,24.22144516904228,-6.409999999999997,-1.2609999999999957,-2.1599999999999966,-48.5,-1.9587640321540365,-1.6499999999999986,-3.3699999999999974,-1.0010000000000048,-1.7609999999999957,-49.40000000000009,-24.799999999999955,-0.3400000000000034,0.3799999999999954,-1.645350057308255,-1.0809255012350936,120,10.416666666666668,0.0,,0.0,,0.0,,0,0,0,0,0,0,0,0,0,0,0,0,0,0,0,0,0,0,,0,0.0,False,0.0,False,0.0,False,0.0,False,train
MACH-01,2025-06-01T13:00:00,42.762,42.762,198.082,198.082,225.83,225.83,1539.66,1539.66,12,2025-06-01T14:00:00,45.532,48.672,2.263333824251313,198.51666666666665,200.262,1.0227863250291551,225.89,227.03,0.6481975007665816,1542.3933333333334,1567.86,21.318411448010373,48.03866666666667,51.982,3.0975454603262698,199.24,201.641,1.2259787184865103,226.86166666666668,228.68,1.188963133714977,1556.7516666666668,1593.86,24.813942500623327,47.969,51.982,2.8940708353459508,199.09842857142857,201.641,1.1839003800532046,226.9562857142857,228.68,1.1199543554278213,1554.3333571428573,1593.86,23.651330083291064,-7.530000000000001,-1.8900000000000148,-1.059999999999974,-54.19999999999982,-1.799195768260305,-0.5600000000000023,-4.009999999999998,0.7920000000000016,-0.0420000000000015,32.40000000000009,-11.199999999999818,0.3400000000000034,-1.1999999999999886,-1.779637902471739,-0.7009546687113548,132,11.458333333333332,0.0,,0.0,,0.0,,0,0,0,0,0,0,0,0,0,0,0,0,0,0,0,0,0,0,,0,0.0,False,0.0,False,0.0,False,0.0,False,train
MACH-01,2025-06-01T14:00:00,39.582,39.582,198.388,198.388,225.24,225.24,1523.96,1523.96,12,2025-06-01T15:00:00,44.017,46.772,2.734408528365885,198.20433333333332,199.051,0.5684212053280878,225.755,227.03,0.6911367447908235,1535.0766666666666,1556.66,18.124063194180803,47.05783333333334,51.982,3.7481545964364784,199.14358333333337,201.641,1.245157416724587,226.575,228.44,1.123602161880194,1551.6933333333334,1593.86,24.794476413226676,47.409866666666666,51.982,3.5308408117749024,199.05106666666669,201.641,1.155487619187349,226.84186666666668,228.68,1.16665369244486,1552.3084666666666,1593.86,24.102531719026175,-9.089999999999996,-1.8739999999999952,-0.8100000000000023,-43.899999999999864,-2.2169979004892353,-3.1799999999999997,-5.390000000000001,0.3060000000000116,0.0970000000000084,-15.700000000000044,-32.700000000000045,-0.5900000000000034,-0.5900000000000034,-2.54220102322152,-0.5541477561453596,144,12.5,0.0,,0.0,,0.0,,0,0,0,0,0,0,0,0,0,0,0,0,0,0,0,0,0,0,,0,0.0,False,0.0,False,0.0,False,0.0,False,train
MACH-01,2025-06-01T15:00:00,40.372,40.372,196.562,196.562,225.01,225.01,1522.36,1522.36,10,2025-06-01T16:00:00,42.96366666666666,46.772,2.715079495459896,197.7895,198.388,0.7160178070411136,225.73833333333337,227.03,0.7107296720038739,1533.46,1556.66,18.864463946796693,46.296166666666664,51.982,4.114841117739841,198.72033333333337,200.262,1.1806155045978992,226.28916666666663,227.84,1.0391382647816387,1546.1433333333334,1593.86,23.089621176203703,46.97,51.982,3.8381554597662344,198.8955,201.641,1.2780286903404543,226.727375,228.68,1.2165835702216778,1550.4366875,1593.86,24.459357082634643,-6.32,-2.488999999999976,-0.1000000000000227,-9.700000000000044,-1.7190549130080977,0.7899999999999991,-2.950000000000003,-1.8259999999999936,-0.7279999999999802,-1.6000000000001364,15.099999999999907,-0.2300000000000182,-0.4800000000000182,-2.352759241651606,-1.43019162001953,154,13.368055555555555,0.0,,0.0,,0.0,,0,0,0,0,0,0,0,0,0,0,0,0,0,0,0,0,0,0,,0,0.0,False,0.0,False,0.0,False,0.0,False,train
MACH-01,2025-06-01T16:00:00,38.922,38.922,196.164,196.164,225.5,225.5,1517.46,1517.46,7,2025-06-01T17:00:00,41.65533333333334,44.972,2.3840945171420493,197.46283333333335,198.388,0.9437691278414636,225.48333333333335,225.83,0.3237076870677826,1527.8933333333334,1556.66,17.58779880106255,45.20783333333333,50.402,4.200509619154102,198.3875833333333,200.262,1.2959566812578815,226.09416666666667,227.65,0.936108563375171,1543.5433333333333,1593.86,24.494371647875127,46.49658823529412,51.982,4.197706562201909,198.73482352941176,201.641,1.4036239807768216,226.65517647058823,228.68,1.214983756850994,1548.4968823529412,1593.86,24.996744542745752,-7.850000000000001,-1.960000000000008,-1.5300000000000011,-33.399999999999864,-1.804458725986046,-1.4500000000000028,-3.8400000000000034,-0.3980000000000245,-1.9180000000000064,-4.899999999999864,-22.200000000000045,0.4900000000000091,-0.3300000000000125,-2.7004688407356268,-1.6211365585857636,161,13.975694444444445,0.0,,0.0,,0.0,,0,0,0,0,0,0,0,0,0,0,0,0,0,0,0,0,0,0,,0,0.0,False,0.0,False,0.0,False,0.0,False,train
MACH-01,2025-06-01T17:00:00,39.252,39.252,196.26,196.26,225.52,225.52,1558.96,1558.96,14,2025-06-01T18:00:00,40.702,43.322,1.8837303416360105,197.1243333333333,198.388,0.9515203973991446,225.4316666666667,225.83,0.2789563884674096,1528.2766666666666,1558.96,18.348778342621507,44.27866666666666,50.292,4.180250826170252,198.08308333333332,200.262,1.3334357848896254,225.92916666666667,227.65,0.8348049127936095,1543.8933333333332,1593.86,24.698374379089884,46.09411111111111,51.982,4.415881257579938,198.59733333333332,201.641,1.481395447066124,226.5921111111111,228.68,1.2086940881351245,1549.078166666667,1593.86,24.375482605780377,-5.719999999999999,-2.031000000000006,-0.3100000000000023,2.2999999999999545,-1.5494327659663638,0.3300000000000054,-0.3299999999999983,0.0960000000000036,-2.1280000000000143,41.5,35.0,0.0200000000000102,0.2800000000000011,-2.6213349319785726,-1.575079487976824,175,15.19097222222222,0.0,,0.0,,0.0,,0,0,0,0,0,0,0,0,0,0,0,0,0,0,0,0,0,0,,0,0.0,False,0.0,False,0.0,False,0.0,False,train
MACH-01,2025-06-01T18:00:00,40.452,40.452,197.282,197.282,225.8,225.8,1516.96,1516.96,8,2025-06-01T19:00:00,40.22366666666667,42.762,1.3832919672530413,197.123,198.388,0.951247391586416,225.48333333333335,225.83,0.3179098404686041,1529.8933333333334,1558.96,16.456447571291204,43.50533333333333,50.292,3.930619505493991,197.97733333333335,200.262,1.3432373602831975,225.775,227.03,0.6350447371500221,1540.66,1593.86,25.529377017645313,45.79715789473684,51.982,4.482423070705772,198.5281052631579,201.641,1.4709425509869845,226.5504210526316,228.68,1.18861311880646,1547.3877368421051,1593.86,24.80823531688635,-2.8700000000000045,-0.0079999999999813,0.3100000000000023,9.700000000000044,-1.192470637068899,1.1999999999999955,0.0799999999999983,1.0220000000000198,0.7199999999999989,-42.0,-5.399999999999864,0.2800000000000011,0.7900000000000205,-2.333575263771109,-1.0847635904524962,183,15.885416666666666,0.0,,0.0,,0.0,,0,0,0,0,0,0,0,0,0,0,0,0,0,0,0,0,0,0,,0,0.0,False,0.0,False,0.0,False,0.0,False,train
MACH-01,2025-06-01T19:00:00,41.742,41.742,197.812,197.812,225.8,225.8,1577.46,1577.46,14,2025-06-01T20:00:00,40.053666666666665,41.742,1.0253080837810604,197.078,198.388,0.9019144083558946,225.47833333333332,225.8,0.311539189616288,1536.1933333333334,1577.46,25.624727640828805,42.792833333333334,48.672,3.3153375210961595,197.79733333333337,200.262,1.187319083507279,225.68416666666667,227.03,0.5303936502660664,1539.2933333333333,1577.46,22.705279055093847,45.5944,51.982,4.456102786303891,198.4923,201.641,1.4406369607335434,226.5129,228.68,1.1690165862584487,1548.89135,1593.86,25.06538572839353,-1.0200000000000031,-0.2699999999999818,-0.0300000000000011,37.799999999999955,-0.8645222484186392,1.2899999999999991,2.8200000000000003,0.5300000000000011,1.6480000000000246,60.5,60.0,0.0,0.3000000000000113,-2.0242336204480846,-0.830490179798984,197,17.100694444444446,0.0,,0.0,,0.0,,0,0,0,0,0,0,0,0,0,0,0,0,0,0,0,0,0,0,,0,0.0,False,0.0,False,0.0,False,0.0,False,train
MACH-01,2025-06-01T20:00:00,41.492,41.492,195.872,195.872,226.05,226.05,1501.06,1501.06,7,2025-06-01T21:00:00,40.372,41.742,1.1397017153624542,196.65866666666668,197.812,0.7416928384895097,225.61333333333332,226.05,0.3594254674710075,1532.3766666666668,1577.46,29.25894165322215,42.1945,46.772,2.759077991582793,197.4315,199.051,1.0239545000544468,225.68416666666667,227.03,0.5303936502660664,1533.7266666666665,1577.46,23.247104739899683,45.39904761904762,51.982,4.434571348802394,198.3675238095238,201.641,1.516118122675394,226.49085714285715,228.68,1.1438852340035768,1546.6136666666666,1593.86,26.56698237160799,1.9099999999999968,-2.515999999999991,0.8100000000000023,-22.90000000000009,-0.881042903978254,-0.25,2.239999999999995,-1.9399999999999975,-0.3879999999999768,-76.40000000000009,-57.90000000000009,0.25,0.5300000000000011,-2.0841835513246396,-1.7612268150212702,204,17.708333333333336,0.0,,0.0,,0.0,,0,0,0,0,0,0,0,0,0,0,0,0,0,0,0,0,0,0,,0,0.0,False,0.0,False,0.0,False,0.0,False,train
MACH-01,2025-06-01T21:00:00,44.272,44.272,196.491,196.491,225.9,225.9,1530.86,1530.86,7,2025-06-01T22:00:00,41.022,44.272,1.9580398361627172,196.64683333333335,197.812,0.744106018431934,225.76166666666663,226.05,0.215445275340918,1533.7933333333333,1577.46,28.880281623742132,41.99283333333333,46.772,2.474195767713194,197.21816666666663,198.388,0.9169582952083708,225.75,227.03,0.5008538164521426,1533.6266666666668,1577.46,23.25750449105627,45.347818181818184,51.982,4.334364122489063,198.28222727272723,201.641,1.532715670579454,226.46400000000003,228.68,1.123402823906854,1545.8975909090912,1593.86,26.143366855456044,3.8999999999999986,-0.0709999999999979,0.8900000000000148,8.5,-0.2482066922426404,2.780000000000001,3.82,0.6189999999999998,-0.7909999999999968,29.799999999999955,13.899999999999864,-0.1500000000000056,0.0999999999999943,-1.4175403199773466,-1.464254661824056,211,18.31597222222222,0.0,,0.0,,0.0,,0,0,0,0,0,0,0,0,0,0,0,0,0,0,0,0,0,0,,0,0.0,False,0.0,False,0.0,False,0.0,False,train
MACH-01,2025-06-01T22:00:00,44.262,44.262,196.725,196.725,225.41,225.41,1543.76,1543.76,4,2025-06-01T23:00:00,41.912,44.272,2.025072838196226,196.74033333333333,197.812,0.7055490533383351,225.74666666666667,226.05,0.2391373385038936,1538.1766666666665,1577.46,27.884147228607443,41.78366666666667,44.972,2.113200215671801,197.10158333333337,198.388,0.8794893620042897,225.615,226.05,0.3041979020909071,1533.035,1577.46,22.866256401478793,45.30060869565217,51.982,4.24075839850214,198.21452173913045,201.641,1.5322753096313764,226.4181739130435,228.68,1.119361167329335,1545.804652173913,1593.86,25.54617821551727,5.340000000000003,0.561000000000007,-0.0900000000000034,26.299999999999955,-0.2449110744009879,-0.009999999999998,2.520000000000003,0.2339999999999804,-1.0870000000000175,12.900000000000093,-33.700000000000045,-0.4900000000000091,-0.3900000000000148,-1.4199383172124085,-1.3519905522147793,215,18.663194444444446,0.0,,0.0,,0.0,,0,0,0,0,0,0,0,0,0,0,0,0,0,0,0,0,0,0,,0,0.0,False,0.0,False,0.0,False,0.0,False,train
MACH-01,2025-06-01T23:00:00,47.482,47.482,198.236,198.236,226.38,226.38,1575.66,1575.66,9,2025-06-02T00:00:00,43.28366666666667,47.482,2.5754643594246844,197.06966666666668,198.236,0.876873232951377,225.89,226.38,0.3201249755955359,1540.96,1577.46,31.029663227305424,41.99283333333334,47.482,2.5388310063468302,197.097,198.388,0.8728456075076376,225.66083333333333,226.38,0.3731550575428921,1534.6183333333336,1577.46,25.190527019400367,45.3915,51.982,4.171377095104835,198.21541666666667,201.641,1.4986012294561677,226.41658333333336,228.68,1.0947845496466049,1547.048625,1593.86,25.717158392983062,8.229999999999997,1.975999999999999,0.8599999999999852,16.700000000000045,0.5011534446150235,3.219999999999999,5.990000000000002,1.5109999999999957,2.363999999999976,31.90000000000009,74.60000000000014,0.9699999999999988,0.3299999999999841,-0.6477832075223785,-0.6270714512761852,224,19.444444444444446,0.0,,0.0,,0.0,,0,0,0,0,0,0,0,0,0,0,0,0,0,0,0,0,0,0,,0,0.0,False,0.0,False,0.0,False,0.0,False,train
MACH-01,2025-06-02T00:00:00,49.262,49.262,198.864,198.864,227.65,227.65,1589.96,1589.96,21,2025-06-02T01:00:00,44.752,49.262,3.0968112632190143,197.33333333333337,198.864,1.1490830547295496,226.19833333333335,227.65,0.7786505420704993,1553.1266666666668,1589.96,33.914696912498854,42.487833333333334,49.262,3.289599197286507,197.22816666666668,198.864,1.011705925053228,225.84083333333336,227.65,0.6789357759603771,1541.51,1589.96,28.162628363908546,45.51325,51.982,4.242303837283006,198.2429583333333,201.641,1.5044258034839757,226.42,228.68,1.0986553045704832,1549.0558333333336,1593.86,27.129776344318625,8.810000000000002,1.5819999999999936,1.8499999999999943,73.0,0.8836590078849461,1.7800000000000011,4.990000000000002,0.6280000000000143,2.3729999999999905,14.299999999999956,59.100000000000136,1.2700000000000102,1.75,-0.2209396996813057,-0.3257814477093761,241,20.92013888888889,0.0,,0.0,,0.0,,0,0,0,0,0,0,0,0,0,0,0,0,0,0,0,0,0,0,,0,0.0,False,0.0,False,0.0,False,0.0,False,train
MACH-01,2025-06-02T01:00:00,49.812,49.812,199.555,199.555,227.47,227.47,1601.06,1601.06,25,2025-06-02T02:00:00,46.097,49.812,3.275379367340547,197.62383333333332,199.555,1.4698502531436952,226.4766666666667,227.65,0.8972327828755778,1557.0600000000002,1601.06,38.37629476643093,43.07533333333333,49.812,3.913408961119426,197.35091666666665,199.555,1.1970930288398256,225.9775,227.65,0.8257462189934279,1546.6266666666663,1601.06,32.96428737928716,45.556999999999995,51.982,4.282488102473388,198.29545833333336,201.641,1.5281194176863742,226.41958333333335,228.68,1.0982376363051367,1551.6891666666668,1601.06,28.998672820705345,8.07,1.742999999999995,1.6699999999999875,23.59999999999991,0.9935812775621,0.5499999999999972,5.549999999999997,0.6910000000000025,2.8300000000000125,11.099999999999907,57.299999999999955,-0.1800000000000068,2.0600000000000023,-0.0890498517528851,0.0057335084445428,262,22.743055555555554,0.0,,0.0,,0.0,,0,0,0,0,0,0,0,0,0,0,0,0,0,0,0,0,0,0,,0,0.0,False,0.0,False,0.0,False,0.0,False,train
MACH-01,2025-06-02T02:00:00,50.612,50.612,201.224,201.224,228.11,228.11,1593.16,1593.16,24,2025-06-02T03:00:00,47.617,50.612,2.791320476047166,198.51583333333335,201.224,1.784409977181966,226.81999999999996,228.11,1.077367161185059,1572.41,1601.06,28.69555714740527,43.994499999999995,50.612,4.295050269575654,197.58725,201.224,1.6242016290529078,226.21666666666667,228.11,0.9916774891184944,1552.3933333333334,1601.06,34.6483722124097,45.52616666666667,51.982,4.2414178481162255,198.36541666666668,201.641,1.6232812694385828,226.39583333333337,228.44,1.052437818742197,1552.0433333333333,1601.06,29.46698471859299,9.120000000000005,5.351999999999975,2.0600000000000023,92.10000000000014,1.1990880209060604,0.8000000000000043,3.1300000000000026,1.6689999999999827,2.9879999999999995,-7.899999999999864,17.5,0.6400000000000148,1.7300000000000182,0.1027899270520922,0.8064548714270076,273,23.697916666666664,0.0,,0.0,,0.0,,0,0,0,0,0,0,0,0,0,0,0,0,0,0,0,0,0,0,,0,0.0,False,0.0,False,0.0,False,0.0,False,train
MACH-01,2025-06-02T03:00:00,50.962,50.962,200.475,200.475,228.38,228.38,1584.76,1584.76,21,2025-06-02T04:00:00,48.732,50.962,2.5099003964301425,199.1798333333333,201.224,1.6132949410032056,227.23333333333335,228.38,1.1283380108223675,1581.3933333333334,1601.06,20.293315812519893,44.877,50.962,4.562693582443684,197.91333333333333,201.224,1.7845381033825525,226.49750000000003,228.38,1.091088905635143,1557.5933333333332,1601.06,34.412902795141605,45.586583333333344,51.982,4.310428183276974,198.3168333333333,201.224,1.5360906808226338,226.39333333333337,228.38,1.0474302577868984,1551.868333333333,1601.06,29.24988170420764,6.690000000000005,3.983999999999981,2.4799999999999898,53.90000000000009,1.247072550128891,0.3500000000000014,1.7000000000000028,-0.7489999999999952,1.61099999999999,-8.400000000000091,-5.2000000000000455,0.2699999999999818,0.7299999999999898,0.1867198302792697,0.4471137684468587,284,24.65277777777778,0.0,,0.0,,0.0,,0,0,0,0,0,0,0,0,0,0,0,0,0,0,0,0,0,0,,0,0.0,False,0.0,False,0.0,False,0.0,False,train
MACH-01,2025-06-02T04:00:00,52.382,52.382,202.391,202.391,229.65,229.65,1581.56,1581.56,23,2025-06-02T05:00:00,50.08533333333333,52.382,1.664363742295192,200.12416666666664,202.391,1.5458586502867937,227.93999999999997,229.65,1.0849147431940689,1587.6933333333334,1601.06,8.99681425098194,45.99866666666667,52.382,4.6197723937112904,198.43225000000004,202.391,2.1060168403453368,226.84333333333336,229.65,1.3685847589478397,1562.9350000000002,1601.06,32.540942742112414,45.60325,52.382,4.336923686810436,198.40991666666665,202.391,1.7102617118992047,226.46875,229.65,1.2088453437960496,1553.2391666666665,1601.06,29.857618344208245,8.119999999999997,5.665999999999997,4.240000000000009,37.799999999999955,1.5630318837787511,1.4199999999999946,2.5700000000000003,1.9159999999999968,2.8359999999999843,-3.2000000000000455,-19.5,1.2700000000000102,2.180000000000007,0.5272354376581015,1.36633613601691,301,26.12847222222222,0.0,,0.0,,0.0,,0,0,0,0,0,0,0,0,0,0,0,0,0,0,0,0,0,0,,0,0.0,False,0.0,False,0.0,False,0.0,False,train
MACH-01,2025-06-02T05:00:00,55.132,55.132,201.212,201.212,228.9,228.9,1616.66,1616.66,44,2025-06-02T06:00:00,51.36033333333334,55.132,2.13486689670969,200.62016666666668,202.391,1.2720461338593396,228.36,229.65,0.8142235565247543,1594.5266666666666,1616.66,12.796978810120653,47.322,55.132,4.783028709548327,198.84491666666668,202.391,2.12673866661153,227.125,229.65,1.4183825615500043,1567.7433333333336,1616.66,35.98127880221056,45.800333333333334,55.132,4.659920382475919,198.46399999999997,202.391,1.779033592077205,226.52708333333337,229.65,1.2917109623073308,1555.8183333333334,1616.66,32.54710187681391,7.649999999999999,2.975999999999999,2.5200000000000102,41.0,2.0025377905080304,2.75,4.519999999999996,-1.179000000000002,-0.0120000000000004,35.100000000000136,23.5,-0.75,0.789999999999992,1.186684677300208,0.8006977376008901,341,29.600694444444443,0.0,,0.0,,0.0,,0,0,0,0,0,0,0,0,0,0,0,0,0,0,0,0,0,0,,0,0.0,False,0.0,False,0.0,False,0.0,False,train
MACH-01,2025-06-02T06:00:00,55.302,55.302,202.835,202.835,228.6,228.6,1619.56,1619.56,49,2025-06-02T07:00:00,52.367,55.302,2.3597351546307492,201.282,202.835,1.2069574971803338,228.51833333333332,229.65,0.7372765198122574,1599.46,1619.56,15.991247606112982,48.55950000000001,55.302,4.76500143088787,199.30766666666668,202.835,2.3483378389960463,227.35833333333335,229.65,1.4108851723995892,1576.2933333333333,1619.56,34.99346259292442,46.032416666666656,55.302,4.991177851026722,198.6425,202.835,1.9904933843254715,226.56666666666663,229.65,1.3412248349814504,1558.4766666666667,1619.56,35.0512750703589,6.039999999999999,3.971000000000003,0.9499999999999886,29.59999999999991,1.8571935543083329,0.1700000000000017,4.339999999999996,1.6230000000000189,2.3600000000000136,2.8999999999998636,34.799999999999955,-0.3000000000000113,0.2199999999999988,1.2274506302962658,1.579350087583256,383,33.24652777777778,0.0,,0.0,,0.0,,0,0,0,0,0,0,0,0,0,0,0,0,0,0,0,0,0,0,,0,0.0,False,0.0,False,0.0,False,0.0,False,train
MACH-01,2025-06-02T07:00:00,54.382,54.382,201.617,201.617,228.67,228.67,1636.26,1636.26,49,2025-06-02T08:00:00,53.12866666666667,55.302,2.0925168258981506,201.62566666666663,202.835,0.8607888630009539,228.71833333333333,229.65,0.5295060591404565,1605.3266666666666,1636.26,22.0171448345758,49.61283333333333,55.302,4.511265612246985,199.62475,202.835,2.3846306413058143,227.5975,229.65,1.3652247567209124,1581.1933333333334,1636.26,39.052978779026866,46.20283333333333,55.302,5.208050554642318,198.71104166666663,202.835,2.0651855265466965,226.64083333333335,229.65,1.40746122555802,1560.243333333333,1636.26,37.86760307068341,4.57,2.0619999999999834,1.1999999999999886,35.200000000000045,1.5704852671554763,-0.9200000000000016,2.0,-1.2180000000000175,-0.7740000000000009,16.700000000000045,54.700000000000045,0.0699999999999931,-0.9800000000000182,1.0068348846705426,0.9950010042323476,413,35.85069444444444,0.0,,0.0,,0.0,,0,0,0,0,0,0,0,0,0,0,0,0,0,0,0,0,0,0,,0,0.0,False,0.0,False,0.0,False,0.0,False,train
MACH-01,2025-06-02T08:00:00,52.452,52.452,200.998,200.998,226.96,226.96,1608.66,1608.66,47,2025-06-02T09:00:00,53.435333333333325,55.302,1.7580178231937449,201.588,202.835,0.8864427787510092,228.52666666666667,229.65,0.8835307955393908,1607.91,1636.26,21.198183884475224,50.52616666666666,55.302,3.7655072297061616,200.05191666666667,202.835,2.0925000905108564,227.67333333333332,229.65,1.2949154646563217,1590.16,1636.26,30.368554310487887,46.36033333333333,55.302,5.3414178761389035,198.74170833333335,202.835,2.0944744589175475,226.67875,229.65,1.4031031215007792,1561.9433333333334,1636.26,39.11953439158604,1.8399999999999963,-0.2259999999999991,-1.1500000000000057,15.5,1.1404587336031626,-1.9299999999999995,-2.6799999999999997,-0.6189999999999998,-0.2139999999999986,-27.59999999999991,-8.0,-1.7099999999999795,-1.9399999999999975,0.5440214183035371,0.6980288510351333,448,38.88888888888889,0.0,,0.0,,0.0,,0,0,0,0,0,0,0,0,0,0,0,0,0,0,0,0,0,0,,0,0.0,False,0.0,False,0.0,False,0.0,False,train
MACH-01,2025-06-02T09:00:00,51.632,51.632,200.442,200.442,228.62,228.62,1618.66,1618.66,45,2025-06-02T10:00:00,53.547,55.302,1.581957647979304,201.5825,202.835,0.8947926575468762,228.56666666666663,229.65,0.8809918652669079,1613.5600000000002,1636.26,18.08269891360339,51.1395,55.302,3.21309288833836,200.38116666666667,202.835,1.766745690056557,227.9,229.65,1.1901031276933425,1597.4766666666667,1636.26,24.85978253884654,46.56616666666667,55.302,5.448856215571395,198.79966666666667,202.835,2.1224641681139205,226.825,229.65,1.415353696768605,1565.5516666666665,1636.26,40.221699925879875,0.6699999999999946,-0.032999999999987,0.2400000000000091,33.90000000000009,0.9297058195179594,-0.8200000000000003,-3.6700000000000017,-0.5559999999999832,-2.3930000000000007,10.0,-0.8999999999998636,1.6599999999999966,0.0200000000000102,0.3473856450284362,0.4312816504250425,488,42.36111111111111,0.0,,0.0,,0.0,,0,0,0,0,0,0,0,0,0,0,0,0,0,0,0,0,0,0,,0,0.0,False,0.0,False,0.0,False,0.0,False,train
MACH-01,2025-06-02T10:00:00,48.842,48.842,200.811,200.811,228.27,228.27,1594.96,1594.96,45,2025-06-02T11:00:00,52.956999999999994,55.302,2.498165326794887,201.31916666666663,202.835,0.8400884278851113,228.33666666666667,228.9,0.7039507558533301,1615.7933333333333,1636.26,13.615824127341748,51.521166666666666,55.302,2.518911952459243,200.7216666666667,202.835,1.340326034510999,228.13833333333335,229.65,0.8962024257269071,1601.743333333333,1636.26,18.34144999389995,46.65241666666666,55.302,5.468603254759941,198.911625,202.835,2.155879217648088,226.8766666666667,229.65,1.4454746976164323,1567.3891666666668,1636.26,40.52751592562067,-3.539999999999999,-1.579999999999984,-1.3799999999999957,13.400000000000093,0.4003916962576317,-2.789999999999999,-5.539999999999999,0.3689999999999998,-0.8059999999999832,-23.700000000000045,-41.299999999999955,-0.3499999999999943,-0.3999999999999772,-0.3216555835539188,0.6083135155781476,523,45.39930555555556,0.0,,0.0,,0.0,,0,0,0,0,0,0,0,0,0,0,0,0,0,0,0,0,0,0,,0,0.0,False,0.0,False,0.0,False,0.0,False,train
MACH-01,2025-06-02T11:00:00,48.442,48.442,198.586,198.586,227.14,227.14,1639.36,1639.36,50,2025-06-02T12:00:00,51.842000000000006,55.302,2.8071123953273025,200.8815,202.835,1.4027220323356355,228.04333333333332,228.67,0.7843638611425867,1619.5766666666666,1639.36,16.707533231051954,51.60116666666667,55.302,2.3909619910035897,200.7508333333333,202.835,1.2839405843895262,228.20166666666668,229.65,0.77996309158987,1607.0516666666665,1639.36,19.299150161849948,46.797,55.302,5.468114689805762,198.92391666666663,202.835,2.1530259780873093,226.93125,229.65,1.4288709817925287,1570.8349999999998,1639.36,43.01503528848431,-6.689999999999998,-2.6259999999999764,-1.760000000000019,22.699999999999815,0.3008349482988691,-0.3999999999999986,-4.009999999999998,-2.2249999999999943,-2.4119999999999777,44.399999999999864,30.699999999999815,-1.130000000000024,0.1799999999999784,-0.4175754729564067,-0.4591550480144215,558,48.4375,0.0,,0.0,,0.0,,0,0,0,0,0,0,0,0,0,0,0,0,0,0,0,0,0,0,,0,0.0,False,0.0,False,0.0,False,0.0,False,train
MACH-01,2025-06-02T12:00:00,49.362,49.362,199.388,199.388,227.24,227.24,1619.16,1619.16,55,2025-06-02T13:00:00,50.852,54.382,2.3536184907499695,200.307,201.617,1.120019999821353,227.8166666666667,228.67,0.7878240074195059,1619.5100000000002,1639.36,16.708411055514482,51.6095,55.302,2.3822263269317796,200.79449999999997,202.835,1.221319368551935,228.1675,229.65,0.8145397473420216,1609.485,1639.36,18.78215424762959,47.04866666666666,55.302,5.440148388854262,199.01133333333337,202.835,2.126226186721775,227.0041666666667,229.65,1.3964081771106565,1575.4975000000002,1639.36,41.87379394758971,-5.939999999999998,-3.4470000000000027,-1.3599999999999852,-0.3999999999998636,0.4252334987907463,0.9200000000000016,-2.269999999999996,0.8019999999999925,-1.054000000000002,-20.199999999999815,0.5,0.1000000000000227,-1.3799999999999957,-0.1969597273306834,-0.0743866039689228,602,52.25694444444444,0.0,,0.0,,0.0,,0,0,0,0,0,0,0,0,0,0,0,0,0,0,0,0,0,0,,0,0.0,False,0.0,False,0.0,False,0.0,False,train
MACH-01,2025-06-02T13:00:00,46.612,46.612,200.652,200.652,226.5,226.5,1588.86,1588.86,40,2025-06-02T14:00:00,49.556999999999995,52.452,2.15184339578886,200.14616666666663,200.998,0.9507833437048095,227.455,228.62,0.8153465520868537,1611.61,1639.36,18.33169386608968,51.34283333333333,55.302,2.7521180548585487,200.88591666666665,202.835,1.1596038867831246,228.08666666666667,229.65,0.9299983708033984,1608.4683333333337,1639.36,19.59236671087155,47.20908333333333,55.302,5.364486667906346,199.1184166666667,202.835,2.142044856361938,227.03208333333336,229.65,1.3784962795574327,1577.5475,1639.36,41.24260473893661,-7.769999999999996,-0.9650000000000034,-2.1699999999999875,-47.40000000000009,-0.1113029764628644,-2.75,-2.229999999999997,1.2639999999999816,-0.1590000000000202,-30.300000000000185,-6.100000000000136,-0.7400000000000091,-1.7700000000000102,-0.8564089669727898,0.5320314923820845,630,54.6875,0.0,,0.0,,0.0,,0,0,0,0,0,0,0,0,0,0,0,0,0,0,0,0,0,0,,0,0.0,False,0.0,False,0.0,False,0.0,False,train
MACH-01,2025-06-02T14:00:00,44.882,44.882,198.153,198.153,226.62,226.62,1573.66,1573.66,37,2025-06-02T15:00:00,48.29533333333333,51.632,2.3270553639023657,199.67200000000005,200.811,1.1329637240440948,227.3983333333333,228.62,0.8668198582557947,1605.7766666666666,1639.36,24.11467741162399,50.86533333333333,55.302,3.3274050313155263,200.63,202.835,1.3934948217276992,227.9625,229.65,1.021559636491721,1606.8433333333332,1639.36,21.675408492881285,47.429916666666664,55.302,5.141307547414515,199.108625,202.835,2.1460622344495053,227.08958333333337,229.65,1.3283644051064032,1579.618333333333,1639.36,39.6520070950595,-7.57,-2.844999999999999,-0.3400000000000034,-35.0,-0.4955775633278297,-1.730000000000004,-3.5600000000000023,-2.4989999999999952,-0.4330000000000211,-15.199999999999818,-65.69999999999982,0.1200000000000045,-0.5199999999999818,-1.2712624886385522,-0.6668916269068288,655,56.857638888888886,0.0,,0.0,,0.0,,0,0,0,0,0,0,0,0,0,0,0,0,0,0,0,0,0,0,,0,0.0,False,0.0,False,0.0,False,0.0,False,train
MACH-01,2025-06-02T15:00:00,44.072,44.072,197.297,197.297,226.83,226.83,1559.56,1559.56,43,2025-06-02T16:00:00,47.035333333333334,49.362,2.2024319891126605,199.14783333333332,200.811,1.4012319460626634,227.1,228.27,0.6408431945491609,1595.926666666667,1639.36,29.31024849206632,50.29116666666667,55.302,3.860898290043427,200.36516666666668,202.835,1.6950014659866937,227.83333333333337,229.65,1.061194295750472,1604.743333333333,1639.36,24.97849377995182,47.58408333333333,55.302,4.9731933395710275,199.13925000000003,202.835,2.113132730043852,227.1654166666667,229.65,1.2543731473344344,1581.1683333333333,1639.36,38.00951730549972,-7.559999999999995,-3.1450000000000102,-1.789999999999992,-59.100000000000136,-0.7062028546905983,-0.8099999999999952,-5.289999999999999,-0.8559999999999945,-2.091000000000008,-14.100000000000136,-59.600000000000136,0.2100000000000079,-0.4099999999999966,-1.4655002646785895,-1.077567173169856,688,59.72222222222222,0.0,,0.0,,0.0,,0,0,0,0,0,0,0,0,0,0,0,0,0,0,0,0,0,0,,0,0.0,False,0.0,False,0.0,False,0.0,False,train
MACH-01,2025-06-02T16:00:00,45.442,45.442,197.885,197.885,227.2,227.2,1580.86,1580.86,48,2025-06-02T17:00:00,46.46866666666667,49.362,2.0785347403078793,198.66016666666667,200.652,1.2015795298966216,226.92166666666665,227.24,0.3173904010310787,1593.5766666666666,1639.36,29.96126944351111,49.71283333333333,55.302,4.035085801348232,199.98966666666664,202.835,1.7045007977988793,227.62916666666663,228.9,0.9039354193880528,1604.6849999999995,1639.36,25.038302476586384,47.85575,55.302,4.646815471023046,199.21095833333337,202.835,2.0355557830760787,227.23625,229.65,1.2031943444160875,1583.8100000000002,1639.36,35.51025571394192,-3.3999999999999986,-2.926000000000016,-1.0700000000000216,-14.100000000000136,-0.5194417585660202,1.3699999999999974,-1.1700000000000017,0.5879999999999939,-2.766999999999996,21.299999999999955,-8.0,0.3699999999999761,0.6999999999999886,-1.136974643475068,-0.7954676156901141,729,63.28125,0.0,,0.0,,0.0,,0,0,0,0,0,0,0,0,0,0,0,0,0,0,0,0,0,0,,0,0.0,False,0.0,False,0.0,False,0.0,False,train
MACH-01,2025-06-02T17:00:00,46.572,46.572,198.076,198.076,226.13,226.13,1603.66,1603.66,53,2025-06-02T18:00:00,46.157,49.362,1.8512347230970136,198.57516666666663,200.652,1.2256726180618516,226.75333333333333,227.24,0.4272548029767533,1587.6266666666668,1619.16,21.36133578844413,48.999500000000005,55.302,3.735486155533376,199.72833333333332,202.835,1.7400896702773945,227.3983333333333,228.67,0.9035871274922616,1603.6016666666665,1639.36,24.752684274393783,48.16075,55.302,4.283575621918639,199.28662500000004,202.835,1.953177718766762,227.26166666666663,229.65,1.1713859003489464,1585.6725,1639.36,35.32196400689417,-1.8699999999999977,-0.5100000000000193,-1.009999999999991,-35.69999999999982,-0.3708934171420993,1.1300000000000026,1.6900000000000048,0.1910000000000025,-0.0769999999999981,22.800000000000185,30.0,-1.0699999999999932,-0.4900000000000091,-0.8660009559130384,-0.7038332356244136,768,66.66666666666666,0.0,,0.0,,0.0,,0,0,0,0,0,0,0,0,0,0,0,0,0,0,0,0,0,0,,0,0.0,False,0.0,False,0.0,False,0.0,False,train
MACH-01,2025-06-02T18:00:00,44.862,44.862,197.665,197.665,226.62,226.62,1594.76,1594.76,48,2025-06-02T19:00:00,45.407,46.612,1.0164005116095076,198.288,200.652,1.1986896178744275,226.65,227.2,0.354852081859548,1583.5600000000002,1603.66,15.74064801715578,48.1295,54.382,3.327666736482284,199.2975,201.617,1.528088258993152,227.23333333333332,228.67,0.8429529624894395,1601.535,1639.36,24.33086797390472,48.3445,55.302,4.025322293334708,199.30258333333336,202.835,1.9375893565182316,227.29583333333332,229.65,1.1383929048431334,1588.9141666666667,1639.36,32.171226398304924,-4.5,-1.7230000000000132,-0.6200000000000045,-24.40000000000009,-0.8651481164046085,-1.7100000000000009,0.7899999999999991,-0.4110000000000013,0.367999999999995,-8.900000000000091,35.200000000000045,0.4900000000000091,-0.2100000000000079,-1.2760584831086756,-0.9010150691689296,808,70.13888888888889,0.0,,0.0,,0.0,,0,0,0,0,0,0,0,0,0,0,0,0,0,0,0,0,0,0,,0,0.0,False,0.0,False,0.0,False,0.0,False,train
MACH-01,2025-06-02T19:00:00,45.902,45.902,199.645,199.645,227.18,227.18,1611.86,1611.86,48,2025-06-02T20:00:00,45.288666666666664,46.572,0.8802651115810134,198.12016666666668,199.645,0.8084836217677086,226.76333333333332,227.2,0.4027240577202908,1587.3933333333334,1611.86,19.613634713297316,47.42283333333334,52.452,2.725010286330281,199.13316666666665,200.998,1.351840552279693,227.1091666666667,228.62,0.7115981799421661,1599.5016666666668,1639.36,22.08057386990183,48.517833333333336,55.302,3.812598014895933,199.37895833333337,202.835,1.9122400131138384,227.35333333333335,229.65,1.093521104413261,1590.3475,1639.36,32.40419071797555,-0.7100000000000009,-1.0069999999999766,0.6800000000000068,23.0,-0.6861025796879704,1.0399999999999991,0.4600000000000008,1.9800000000000184,1.760000000000019,17.09999999999991,31.0,0.5600000000000023,-0.0199999999999818,-1.0266667706622066,0.0489120121404238,842,73.09027777777779,0.0,,0.0,,0.0,,0,0,0,0,0,0,0,0,0,0,0,0,0,0,0,0,0,0,,0,0.0,False,0.0,False,0.0,False,0.0,False,train
MACH-01,2025-06-02T20:00:00,46.872,46.872,199.478,199.478,227.3,227.3,1595.66,1595.66,45,2025-06-02T21:00:00,45.62033333333334,46.872,1.0541236486611685,198.341,199.645,0.981657577773412,226.8766666666667,227.3,0.447511638582362,1591.0600000000002,1611.86,18.560926701002867,46.95783333333333,51.632,2.2176705974485222,199.0065,200.811,1.2266352721608282,227.1375,228.62,0.7118876954331527,1598.4183333333333,1639.36,21.908630857736338,48.74200000000001,55.302,3.5291715988193384,199.52920833333337,202.835,1.7603417894203723,227.4054166666667,229.65,1.057934736076477,1594.2891666666665,1639.36,26.23788298668858,1.990000000000002,1.325000000000017,0.6800000000000068,22.0,-0.5298693893563033,0.9699999999999988,0.2999999999999971,-0.1670000000000016,1.4020000000000152,-16.199999999999818,-8.0,0.1200000000000045,1.170000000000016,-0.794061038861173,-0.0312081002730418,880,76.38888888888889,0.0,,0.0,,0.0,,0,0,0,0,0,0,0,0,0,0,0,0,0,0,0,0,0,0,,0,0.0,False,0.0,False,0.0,False,0.0,False,train
MACH-01,2025-06-02T21:00:00,47.832,47.832,200.608,200.608,227.27,227.27,1594.26,1594.26,55,2025-06-02T22:00:00,46.24700000000001,47.832,1.0671222985206847,198.89283333333333,200.608,1.1866331221850452,226.95,227.3,0.4736243236996875,1596.8433333333332,1611.86,10.39084532974468,46.64116666666667,49.362,1.7005798921828987,199.02033333333335,200.811,1.2450929379939484,227.025,228.27,0.5429297627435418,1596.385,1639.36,20.971457876230215,48.89033333333333,55.302,3.405783657081081,199.70075,202.835,1.6484421961091238,227.4625,229.65,1.0090040289487916,1596.930833333333,1639.36,22.499342582987573,3.759999999999998,3.311000000000007,0.4399999999999977,34.700000000000045,-0.3107459075190854,0.9600000000000009,2.969999999999999,1.1299999999999957,2.943000000000012,-1.400000000000091,-0.5,-0.0300000000000011,0.6500000000000057,-0.563853304295201,0.5109220016863295,928,80.55555555555556,0.0,,0.0,,0.0,,0,0,0,0,0,0,0,0,0,0,0,0,0,0,0,0,0,0,,0,0.0,False,0.0,False,0.0,False,0.0,False,train
MACH-01,2025-06-02T22:00:00,48.052,48.052,199.132,199.132,226.23,226.23,1569.36,1569.36,19,2025-06-02T23:00:00,46.681999999999995,48.052,1.1973637709568752,199.10066666666668,200.608,1.0791473794930069,226.78833333333333,227.3,0.5330447135716634,1594.9266666666665,1611.86,14.26655763198236,46.57533333333333,49.362,1.621067736419561,198.88041666666663,200.652,1.112894788650762,226.855,227.3,0.4240175811106638,1594.2516666666668,1639.36,22.384103869946685,49.04825,55.302,3.2668836533228163,199.80104166666663,202.835,1.5283737443885457,227.49666666666667,229.65,0.9485534371813332,1597.9975000000002,1639.36,20.375578145971208,2.609999999999999,1.247000000000014,-0.9699999999999988,-11.5,-0.3049542333675365,0.2199999999999988,2.1499999999999986,-1.475999999999999,-0.5130000000000052,-24.90000000000009,-42.5,-1.0400000000000205,-0.950000000000017,-0.5110973651238327,-0.1972054589260907,943,81.85763888888889,0.0,,0.0,,0.0,,0,0,0,0,0,0,0,0,0,0,0,0,0,0,0,0,0,0,,0,0.0,False,0.0,False,0.0,False,0.0,False,train
MACH-01,2025-06-02T23:00:00,49.212,49.212,198.761,198.761,228.32,228.32,1597.96,1597.96,34,2025-06-03T00:00:00,47.12200000000001,49.212,1.5745221497330772,199.21483333333333,200.608,0.9808183148099436,227.15333333333336,228.32,0.7118895045346539,1593.9766666666667,1611.86,13.749096940042008,46.6395,49.362,1.7142351859436038,198.895,200.652,1.1098284060651251,226.95333333333335,228.32,0.5974694109071429,1590.8016666666665,1619.16,17.445210769372775,49.12033333333334,55.302,3.249863765260573,199.82291666666663,202.835,1.508629551344013,227.5775,229.65,0.9317690047758572,1598.9266666666665,1639.36,19.813361031442607,2.640000000000001,0.6850000000000023,2.1899999999999977,-5.7000000000000455,0.0282063105680098,1.1600000000000037,2.3400000000000034,-0.3710000000000093,-0.717000000000013,28.600000000000136,2.2999999999999545,2.0900000000000034,1.0199999999999818,-0.2329296858566161,-0.3751968463835533,968,84.02777777777779,0.0,,0.0,,0.0,,0,0,0,0,0,0,0,0,0,0,0,0,0,0,0,0,0,0,,0,0.0,False,0.0,False,0.0,False,1.0,True,train
MACH-01,2025-06-03T00:00:00,51.342,51.342,200.867,200.867,227.23,227.23,1551.06,1551.06,19,2025-06-03T01:00:00,48.202,51.342,1.9025246384738552,199.7485,200.867,0.828117564117503,227.255,228.32,0.6623216741130413,1586.6933333333334,1611.86,22.217710653140266,46.8045,51.342,2.060437398400419,199.01825,200.867,1.2436149012967166,226.9525,228.32,0.597040047385306,1585.1266666666668,1611.86,18.43027811822485,49.207,55.302,3.2813875644041337,199.90637500000005,202.835,1.5086788580540162,227.55999999999997,229.65,0.9342888483622366,1597.305833333333,1639.36,22.044283083526185,6.479999999999997,3.201999999999998,0.6099999999999852,-43.700000000000045,0.6506393890072818,2.1299999999999955,3.509999999999998,2.1059999999999945,0.2589999999999861,-46.90000000000009,-43.200000000000045,-1.0900000000000034,-0.0400000000000204,0.2778437252116325,0.63518014010002,966,83.85416666666666,0.0,,0.0,,0.0,,0,0,0,0,0,0,0,0,0,0,0,0,0,0,0,0,0,0,,0,0.0,False,0.0,False,0.0,False,1.0,True,train
MACH-01,2025-06-03T01:00:00,49.982,49.982,200.037,200.037,227.71,227.71,1585.56,1585.56,25,2025-06-03T02:00:00,48.882,51.342,1.624930767755992,199.81383333333335,200.867,0.8337628959521817,227.34333333333336,228.32,0.6852639394179055,1582.3099999999995,1597.96,18.551415040367942,47.08533333333333,51.342,2.2525231643782044,198.967,200.867,1.1812763513174172,227.05333333333337,228.32,0.6155608430652384,1584.8516666666665,1611.86,18.39409284295146,49.21408333333333,55.302,3.282933443241521,199.92645833333333,202.835,1.5070052646735068,227.56999999999996,229.65,0.9345680239043436,1596.66,1639.36,22.156282846298705,4.079999999999998,0.3919999999999959,0.5300000000000011,-26.299999999999955,0.2339117377623232,-1.3599999999999994,1.9299999999999995,-0.8299999999999841,0.9050000000000012,34.5,16.200000000000045,0.4800000000000182,1.4800000000000182,-0.0482838987568272,0.236978383793585,966,83.85416666666666,0.0,,0.0,,0.0,,0,0,0,0,0,0,0,0,0,0,0,0,0,0,0,0,0,0,,0,0.0,False,0.0,False,0.0,False,1.0,True,train
MACH-01,2025-06-03T02:00:00,51.452,51.452,199.049,199.049,227.03,227.03,1582.16,1582.16,17,2025-06-03T03:00:00,49.64533333333333,51.452,1.5665716283230535,199.7423333333333,200.867,0.8851344907224992,227.29833333333332,228.32,0.6974357796002156,1580.0600000000002,1597.96,17.390802166662287,47.63283333333333,51.452,2.45742828743354,199.04166666666663,200.867,1.153129286556859,227.0875,228.32,0.6005168228663474,1585.5600000000002,1611.86,18.08500131952549,49.24908333333333,55.302,3.3029018587305625,199.8358333333333,202.835,1.490895577560159,227.525,229.65,0.9334368472618828,1596.2016666666666,1639.36,22.34480615979503,4.579999999999998,-0.429000000000002,-0.2700000000000102,-13.5,0.6669640094947729,1.4699999999999989,2.239999999999995,-0.9879999999999995,0.2880000000000109,-3.3999999999998636,-15.799999999999956,-0.6800000000000068,-1.289999999999992,0.3042216947973166,-0.2370256345567342,959,83.24652777777779,0.0,,0.0,,0.0,,0,0,0,0,0,0,0,0,0,0,0,0,0,0,0,0,0,0,,0,0.0,False,0.0,False,0.0,False,1.0,True,train
MACH-01,2025-06-03T03:00:00,51.772,51.772,200.479,200.479,227.58,227.58,1608.66,1608.66,24,2025-06-03T04:00:00,50.302,51.772,1.4777009169652957,199.72083333333333,200.867,0.8611435226874669,227.35,228.32,0.7063426930321283,1582.46,1608.66,20.464408127282606,48.2745,51.772,2.4483914014195447,199.30683333333332,200.867,1.0789339716366044,227.15,228.32,0.6102309547883161,1589.6516666666669,1611.86,17.200552757149264,49.282833333333336,55.302,3.325228879558411,199.836,202.835,1.4909703580875395,227.49166666666667,229.65,0.9156924994905778,1597.1975000000002,1639.36,22.3452905747394,3.9399999999999977,-0.1289999999999906,0.3100000000000023,14.400000000000093,0.7485700253503219,0.3200000000000003,0.4299999999999997,1.4300000000000068,-0.3879999999999768,26.5,57.600000000000136,0.5500000000000114,0.3500000000000227,0.3809576063193072,0.4490328130555736,962,83.50694444444444,0.0,,0.0,,0.0,,0,0,0,0,0,0,0,0,0,0,0,0,0,0,0,0,0,0,,0,0.0,False,0.0,False,0.0,False,1.0,True,train
MACH-01,2025-06-03T04:00:00,52.102,52.102,202.749,202.749,227.77,227.77,1597.96,1597.96,26,2025-06-03T05:00:00,50.977,52.102,1.127984928977365,200.32366666666667,202.749,1.438781521519669,227.60666666666663,228.32,0.4519587001778596,1587.2266666666667,1608.66,20.13093804736043,48.8295,52.102,2.5022031201613357,199.7121666666667,202.749,1.3704824521004373,227.1975,228.32,0.6361121256222684,1591.0766666666668,1611.86,17.114100158710716,49.271166666666666,55.302,3.3143560154427374,199.85091666666665,202.835,1.5191678762506533,227.41333333333333,228.9,0.7955619652672028,1597.8808333333334,1639.36,22.095661174845944,4.049999999999997,3.6169999999999902,1.5400000000000205,28.600000000000136,0.8541126300685544,0.3299999999999983,2.1199999999999974,2.269999999999982,2.711999999999989,-10.700000000000044,12.400000000000093,0.1899999999999977,0.0600000000000022,0.4600915150763595,1.5380906284960765,965,83.76736111111111,0.0,,0.0,,0.0,,0,0,0,0,0,0,0,0,0,0,0,0,0,0,0,0,0,0,,0,0.0,False,0.0,False,0.0,False,1.0,True,train
MACH-01,2025-06-03T05:00:00,56.492,56.492,202.797,202.797,229.89,229.89,1660.66,1660.66,53,2025-06-03T06:00:00,52.190333333333335,56.492,2.2283932926363614,200.99633333333335,202.797,1.5040631192427705,227.86833333333337,229.89,1.0310463940416823,1597.6766666666665,1660.66,36.464526140712174,49.65616666666667,56.492,3.2233282018698164,200.10558333333336,202.797,1.526799353271949,227.51083333333335,229.89,0.9235746594159,1595.8266666666668,1660.66,26.344857470699424,49.32783333333333,56.492,3.4285754636794765,199.91695833333335,202.835,1.6124949202256935,227.45458333333332,229.89,0.8953987655092369,1599.7141666666666,1660.66,25.312756350463697,7.279999999999994,4.036000000000001,1.5699999999999932,62.700000000000045,2.0895461519106338,4.390000000000001,5.039999999999999,0.0480000000000018,3.7479999999999905,62.700000000000045,78.5,2.119999999999976,2.859999999999985,1.5128123012686676,1.5611191638005462,974,84.54861111111111,0.0,,0.0,,0.0,,0,0,0,0,0,0,0,0,0,0,0,0,0,0,0,0,0,0,,0,0.0,False,0.0,False,0.0,False,1.0,True,train
MACH-01,2025-06-03T06:00:00,53.413,53.413,201.99,201.99,228.31,228.31,1671.548,1671.548,50,2025-06-03T07:00:00,52.535500000000006,56.492,2.2311023060362016,201.1835,202.797,1.553800984682265,228.04833333333332,229.89,0.9908060691509156,1617.758,1671.548,38.76237588177539,50.36875,56.492,3.004916490293186,200.466,202.797,1.4038277542620865,227.65166666666667,229.89,0.904029699163552,1602.2256666666665,1671.548,34.21294651107441,49.249125,56.492,3.304918749412366,199.88175,202.797,1.554180904080582,227.4425,229.89,0.8811121924319725,1601.8803333333333,1671.548,29.03562086796788,2.070999999999998,1.1230000000000189,1.0800000000000125,120.48800000000006,1.2599023805775431,-3.0790000000000006,1.6409999999999982,-0.806999999999988,1.5109999999999957,10.88799999999992,62.88799999999992,-1.579999999999984,0.7299999999999898,0.7744689525930146,1.1739519139941674,975,84.63541666666666,0.0,,0.0,,0.0,,0,0,0,0,0,0,0,0,0,0,0,0,0,0,0,0,0,0,,0,0.0,False,0.0,False,0.0,False,1.0,True,train
MACH-01,2025-06-03T07:00:00,56.522,56.522,202.829,202.829,228.75,228.75,1612.26,1612.26,47,2025-06-03T08:00:00,53.625499999999995,56.522,2.329476657964199,201.64883333333333,202.829,1.5598387630348554,228.22166666666664,229.89,1.010552654079058,1622.208,1671.548,35.741602426304965,51.25375,56.522,3.131027775638165,200.73133333333337,202.829,1.529793885898861,227.7825,229.89,0.9423580192069696,1602.259,1671.548,34.22337974383669,49.33829166666666,56.522,3.4739697312786975,199.93225,202.829,1.6308171398039415,227.44583333333335,229.89,0.8860950811023208,1600.8803333333335,1671.548,28.20139020727801,6.539999999999999,2.7920000000000016,1.039999999999992,26.700000000000045,2.0678672783626006,3.1090000000000018,4.420000000000002,0.8389999999999986,0.0800000000000125,-59.28800000000001,14.299999999999956,0.4399999999999977,0.9799999999999898,1.5200062929738545,1.5764715206701974,973,84.46180555555556,0.0,,0.0,,0.0,,0,0,0,0,0,0,0,0,0,0,0,0,0,0,0,0,0,0,,0,0.0,False,0.0,False,0.0,False,1.0,True,train
MACH-01,2025-06-03T08:00:00,53.242,53.242,200.726,200.726,228.43,228.43,1630.36,1630.36,47,2025-06-03T09:00:00,53.923833333333334,56.522,2.0986310220395388,201.9283333333333,202.829,1.076034509979129,228.455,229.89,0.8249545442019708,1630.2413333333334,1671.548,29.875464359014213,51.78458333333333,56.522,2.8477851188832326,200.83533333333332,202.829,1.4784006919846948,227.8766666666667,229.89,0.946210944512481,1605.1506666666664,1671.548,35.07059827711938,49.371208333333335,56.522,3.5083283890116292,199.92091666666667,202.829,1.6240196753109704,227.50708333333333,229.89,0.9017204771106698,1601.7845,1671.548,28.803102594051296,1.7899999999999991,1.6769999999999925,1.4000000000000057,48.19999999999982,1.10331509410302,-3.280000000000001,-3.25,-2.1030000000000086,-2.070999999999998,18.09999999999991,-30.300000000000185,-0.3199999999999932,-1.4599999999999795,0.7334631998734511,0.5675338176431466,973,84.46180555555556,0.0,,0.0,,0.0,,0,0,0,0,0,0,0,0,0,0,0,0,0,0,0,0,0,0,,0,0.0,False,0.0,False,0.0,False,1.0,True,train
MACH-01,2025-06-03T09:00:00,51.282,51.282,200.944,200.944,228.65,228.65,1626.26,1626.26,46,2025-06-03T10:00:00,53.842166666666664,56.522,2.205907560771013,202.0058333333333,202.829,0.9614113410325512,228.63333333333333,229.89,0.7048876979108694,1633.1746666666668,1671.548,28.146712963803314,52.07208333333333,56.522,2.573403846282204,200.86333333333332,202.829,1.4768847639747753,227.99166666666667,229.89,0.94962991196414,1607.8173333333334,1671.548,35.38242951042987,49.356625,56.522,3.499237852577765,199.9418333333333,202.829,1.6342235137072507,227.50833333333335,229.89,0.9033496442188148,1602.1011666666666,1671.548,29.037525549845604,-0.490000000000002,0.464999999999975,1.0699999999999932,17.59999999999991,0.5502269583022599,-1.9600000000000009,-2.131,0.2179999999999893,-1.0460000000000207,-4.099999999999909,-45.28800000000001,0.2199999999999988,0.3400000000000034,0.2634557418012587,0.6721217488176047,974,84.54861111111111,0.0,,0.0,,0.0,,0,0,0,0,0,0,0,0,0,0,0,0,0,0,0,0,0,0,,0,0.0,False,0.0,False,0.0,False,1.0,True,train
MACH-01,2025-06-03T10:00:00,50.572,50.572,201.187,201.187,227.48,227.48,1597.96,1597.96,48,2025-06-03T11:00:00,53.58716666666667,56.522,2.5141917521674255,201.7455,202.829,0.9309252923835686,228.585,229.89,0.7816840794076864,1633.1746666666666,1671.548,28.146712963803314,52.28208333333333,56.522,2.3042739127870484,201.03458333333333,202.829,1.3733966161134072,228.09583333333333,229.89,0.7947493410828108,1610.2006666666666,1671.548,33.467917743124296,49.42870833333333,56.522,3.50598805126026,199.9575,202.829,1.6446869399477932,227.47541666666663,229.89,0.8886627920483248,1602.2261666666666,1671.548,29.01189371644771,-1.529999999999994,-1.5619999999999834,-0.2900000000000204,0.0,0.3260968520003093,-0.7099999999999937,-5.949999999999996,0.2430000000000234,-1.641999999999996,-28.299999999999955,-14.299999999999956,-1.170000000000016,-1.2700000000000102,0.0931979381118436,0.7887037087964901,977,84.80902777777779,0.0,,0.0,,0.0,,0,0,0,0,0,0,0,0,0,0,0,0,0,0,0,0,0,0,,0,0.0,False,0.0,False,0.0,False,1.0,True,train
MACH-01,2025-06-03T11:00:00,49.322,49.322,200.896,200.896,228.19,228.19,1614.06,1614.06,46,2025-06-03T12:00:00,52.39216666666667,56.522,2.5609076841359766,201.4286666666667,202.829,0.8181451378980564,228.30166666666665,228.75,0.4530967519925734,1625.408,1671.548,25.334512112927133,52.29125,56.522,2.2911318014941,201.2125,202.829,1.1762255890618516,228.085,229.89,0.7922981532456143,1611.5423333333335,1671.548,33.25463248476662,49.465375,56.522,3.499816315832193,200.05375,202.829,1.6284471197245551,227.5191666666667,229.89,0.8972369018108485,1601.1720000000005,1671.548,28.04756603250616,-7.169999999999995,-1.9010000000000105,-1.6999999999999886,-46.600000000000136,-0.0409664356816128,-1.25,-3.9199999999999946,-0.2910000000000252,0.1699999999999875,16.09999999999991,-16.299999999999955,0.710000000000008,-0.2400000000000091,-0.206551716270932,0.6490932135131349,973,84.46180555555556,0.0,,0.0,,0.0,,0,0,0,0,0,0,0,0,0,0,0,0,0,0,0,0,0,0,,0,0.0,False,0.0,False,0.0,False,1.0,True,train
MACH-01,2025-06-03T12:00:00,48.142,48.142,199.406,199.406,227.81,227.81,1610.36,1610.36,46,2025-06-03T13:00:00,51.513666666666666,56.522,3.006076623552148,200.998,202.829,1.0963621664394116,228.21833333333333,228.75,0.4952743347542335,1615.21,1630.36,11.685332686750252,52.02458333333333,56.522,2.579711064100369,201.09075,202.829,1.2857529894969126,228.13333333333333,229.89,0.7520678563840554,1616.4840000000002,1671.548,27.32767633404087,49.41454166666667,56.522,3.5102275781439483,200.0545,202.829,1.6281312840987177,227.54291666666663,229.89,0.8970700092241377,1600.8053333333337,1671.548,27.85907206960917,-5.270999999999994,-2.584000000000003,-0.5,-61.1880000000001,-0.3625239783853365,-1.1799999999999995,-3.1399999999999935,-1.489999999999981,-1.5379999999999825,-3.7000000000000455,-15.900000000000093,-0.3799999999999954,-0.8400000000000034,-0.4895153900082721,-0.0657509032297466,964,83.68055555555556,0.0,,0.0,,0.0,,0,0,0,0,0,0,0,0,0,0,0,0,0,0,0,0,0,0,,0,0.0,False,0.0,False,0.0,False,1.0,True,train
MACH-01,2025-06-03T13:00:00,46.142,46.142,197.363,197.363,227.61,227.61,1598.76,1598.76,48,2025-06-03T14:00:00,49.78366666666667,53.242,2.489838682860133,200.087,201.187,1.4758853614017822,228.02833333333336,228.65,0.4684620226510471,1612.9599999999998,1630.36,13.522277914613,51.70458333333334,56.522,3.0511970961733077,200.86791666666667,202.829,1.661725360654597,228.125,229.89,0.7577178654594401,1617.584,1671.548,26.212674297333628,49.39495833333333,56.522,3.5278095861949925,199.91745833333331,202.829,1.7119160376395757,227.58916666666664,229.89,0.8691420890824575,1601.2178333333334,1671.548,27.74758138408884,-10.379999999999995,-5.466000000000008,-1.1399999999999864,-13.5,-0.9220901111167638,-2.0,-4.43,-2.0430000000000064,-3.824000000000012,-11.599999999999907,0.7999999999999545,-0.1999999999999886,0.1300000000000238,-0.9691148370207132,-1.04590293712621,972,84.375,0.0,,0.0,,0.0,,0,0,0,0,0,0,0,0,0,0,0,0,0,0,0,0,0,0,,0,0.0,False,0.0,False,0.0,False,1.0,True,train
MACH-01,2025-06-03T14:00:00,45.052,45.052,200.296,200.296,226.76,226.76,1556.86,1556.86,44,2025-06-03T15:00:00,48.41866666666667,51.282,2.4595013044653387,200.0153333333333,201.187,1.4488430786896016,227.75,228.65,0.644949610434601,1600.71,1626.26,23.90955875795318,51.17125000000001,56.522,3.607915215819927,200.9718333333333,202.829,1.5743307284127064,228.1025,229.89,0.7962197618063469,1615.4756666666665,1671.548,30.0565388418466,49.40204166666667,56.522,3.518512661056444,200.00675,202.829,1.6712886007379404,227.595,229.89,0.8628013021296672,1600.517833333333,1671.548,28.669612356406844,-8.189999999999998,-0.4300000000000068,-1.670000000000016,-73.5,-1.2363296897617404,-1.0900000000000034,-4.270000000000003,2.9329999999999927,-0.5999999999999943,-41.90000000000009,-57.200000000000045,-0.8500000000000227,-1.4300000000000068,-1.2304965356424944,0.3612365222072755,979,84.98263888888889,0.0,,0.0,,0.0,,0,0,0,0,0,0,0,0,0,0,0,0,0,0,0,0,0,0,,0,0.0,False,0.0,False,0.0,False,1.0,True,train
MACH-01,2025-06-03T15:00:00,44.032,44.032,198.821,198.821,225.67,225.67,1580.66,1580.66,48,2025-06-03T16:00:00,47.21033333333333,50.572,2.550665926119439,199.6615,201.187,1.4358658363510917,227.25333333333333,228.19,0.907318393215183,1593.11,1614.06,21.264877145189526,50.52625,56.522,4.1429377395316855,200.83366666666663,202.829,1.6900190603193352,227.9433333333333,229.89,1.0580284695717197,1613.1423333333332,1671.548,31.67691272644337,49.400375,56.522,3.5211556750651467,200.07025,202.829,1.5908735978536752,227.54666666666665,229.89,0.9368340146550064,1601.397,1671.548,27.664930309752187,-7.25,-2.1229999999999905,-2.980000000000018,-45.59999999999991,-1.5246059803648633,-1.0200000000000031,-4.1100000000000065,-1.4749999999999943,-0.585000000000008,23.800000000000185,-29.699999999999815,-1.0900000000000034,-2.140000000000015,-1.47509225361884,-0.3464111772529659,984,85.41666666666666,0.0,,0.0,,0.0,,0,0,0,0,0,0,0,0,0,0,0,0,0,0,0,0,0,0,,0,0.0,False,0.0,False,0.0,False,1.0,True,train
MACH-01,2025-06-03T16:00:00,43.352,43.352,198.625,198.625,226.46,226.46,1587.46,1587.46,48,2025-06-03T17:00:00,46.007000000000005,49.322,2.342108024835763,199.2345,200.896,1.2618844241848557,227.08333333333337,228.19,0.9508662717052484,1591.36,1614.06,21.217916957137938,49.79708333333334,56.522,4.586639995352732,200.49,202.829,1.6844269055082757,227.83416666666665,229.89,1.1418044597226085,1612.2673333333332,1671.548,32.27380910930977,49.313291666666665,56.522,3.64690733158178,200.10108333333332,202.829,1.553408955831672,227.51583333333335,229.89,0.9606153673859738,1601.6719999999998,1671.548,27.484121176954723,-7.220000000000006,-2.562000000000012,-1.0199999999999818,-10.5,-1.6346156139045809,-0.6799999999999997,-2.7900000000000063,-0.1959999999999979,1.2620000000000005,6.7999999999999545,-11.299999999999956,0.7900000000000205,-1.1500000000000057,-1.6381560656030698,-0.4404443630795466,984,85.41666666666666,0.0,,0.0,,0.0,,0,0,0,0,0,0,0,0,0,0,0,0,0,0,0,0,0,0,,0,0.0,False,0.0,False,0.0,False,1.0,True,train
MACH-01,2025-06-03T17:00:00,45.302,45.302,198.306,198.306,226.09,226.09,1588.36,1588.36,40,2025-06-03T18:00:00,45.337,48.142,1.6877055430376724,198.80283333333333,200.296,0.9945124266026848,226.73333333333335,227.81,0.8423459305218799,1587.0766666666666,1610.36,18.081085881845222,48.864583333333336,56.522,4.22502416256311,200.11574999999996,202.829,1.6230466371499577,227.5175,228.75,1.0424283275994497,1606.2423333333334,1671.548,29.001080228573827,49.260375,56.522,3.697278891439888,200.11066666666667,202.829,1.5410327329612574,227.51416666666668,229.89,0.9631556678854292,1601.0345,1671.548,27.61314474162092,-4.020000000000003,-2.589999999999975,-2.0999999999999943,-25.700000000000045,-1.0706184510896968,1.9500000000000028,0.25,-0.3189999999999884,-1.989999999999981,0.8999999999998636,31.5,-0.3700000000000045,-0.6699999999999875,-1.1705466047659392,-0.5934881706238243,971,84.28819444444444,0.0,,0.0,,0.0,,0,0,0,0,0,0,0,0,0,0,0,0,0,0,0,0,0,0,,0,0.0,False,0.0,False,0.0,False,1.0,True,train
MACH-01,2025-06-03T18:00:00,44.632,44.632,198.74,198.74,226.35,226.35,1574.96,1574.96,41,2025-06-03T19:00:00,44.752,46.142,0.9815701706959546,198.69183333333336,200.296,0.9498933448904646,226.49,227.61,0.6603332492008862,1581.1766666666665,1598.76,14.35596275652224,48.13283333333334,56.522,4.124872357988393,199.84491666666668,202.829,1.551443636121122,227.35416666666663,228.75,1.0603640741259144,1598.1933333333334,1630.36,21.717204463211097,49.250791666666665,56.522,3.709453176379726,200.1554583333333,202.829,1.481322469639223,227.50291666666664,229.89,0.9755510334373578,1600.2095,1671.548,28.10024581201421,-3.510000000000005,-0.6659999999999968,-1.460000000000008,-35.399999999999864,-1.2451408461164128,-0.6700000000000017,0.6000000000000014,0.4339999999999975,-0.0809999999999888,-13.399999999999864,-5.7000000000000455,0.2599999999999909,0.6800000000000068,-1.3312124195151074,-0.385271830579252,964,83.68055555555556,0.0,,0.0,,0.0,,0,0,0,0,0,0,0,0,0,0,0,0,0,0,0,0,0,0,,0,0.0,False,0.0,False,0.0,False,1.0,True,train
MACH-01,2025-06-03T19:00:00,45.802,45.802,199.052,199.052,226.57,226.57,1589.06,1589.06,48,2025-06-03T20:00:00,44.69533333333333,45.802,0.8909021644752863,198.97333333333336,200.296,0.6928138759198565,226.31666666666663,226.76,0.387797197858539,1579.5600000000002,1589.06,12.39161006487795,47.2395,53.242,3.199977627762677,199.53016666666667,201.187,1.2435982860111163,227.1725,228.65,0.9834366920512118,1596.26,1630.36,21.381172686606664,49.246624999999995,56.522,3.713432302056486,200.13075,202.829,1.4950886915672417,227.4775,229.89,0.992135378209933,1599.2595,1671.548,28.074640373243064,-0.3400000000000034,1.688999999999993,-1.0400000000000205,-9.700000000000044,-0.9276121711152168,1.1700000000000017,2.450000000000003,0.3119999999999834,0.4269999999999925,14.099999999999907,1.599999999999909,0.2199999999999988,0.1099999999999852,-1.050646743012829,-0.2355863511002117,964,83.68055555555556,0.0,,0.0,,0.0,,0,0,0,0,0,0,0,0,0,0,0,0,0,0,0,0,0,0,,0,0.0,False,0.0,False,0.0,False,1.0,True,train
MACH-01,2025-06-03T20:00:00,46.872,46.872,198.304,198.304,227.85,227.85,1606.56,1606.56,56,2025-06-03T21:00:00,44.99866666666667,46.872,1.2670543266437908,198.64133333333336,199.052,0.2956928586679251,226.4983333333333,227.85,0.736000452898541,1587.8433333333332,1606.56,10.675095627986783,46.708666666666666,51.282,2.5824946830300877,199.32833333333335,201.187,1.2283222358776946,227.1241666666667,228.65,0.928747527424359,1594.2766666666666,1626.26,18.88909417594797,49.246624999999995,56.522,3.713432302056486,200.08183333333332,202.829,1.5360194084673773,227.50041666666664,229.89,0.9942070432901056,1599.7136666666668,1671.548,28.102031043211,1.8200000000000005,-1.9919999999999904,1.0900000000000034,49.700000000000045,-0.6394690428811468,1.0700000000000005,1.5700000000000005,-0.7479999999999905,-0.0020000000000095,17.5,18.200000000000045,1.2800000000000011,1.759999999999991,-0.794061038861173,-0.5944476929281818,975,84.63541666666666,0.0,,0.0,,0.0,,0,0,0,0,0,0,0,0,0,0,0,0,0,0,0,0,0,0,,0,0.0,False,0.0,False,0.0,False,1.0,True,train
MACH-01,2025-06-03T21:00:00,46.712,46.712,199.389,199.389,227.81,227.81,1615.26,1615.26,46,2025-06-03T22:00:00,45.44533333333333,46.872,1.3289946074633825,198.736,199.389,0.4266441139878886,226.855,227.85,0.7719520710510681,1593.61,1615.26,14.631028671969856,46.32783333333333,50.572,2.147012547422069,199.19875,201.187,1.1195912504936192,227.05416666666667,228.19,0.8296599339852909,1593.36,1615.26,17.404440394752697,49.199958333333335,56.522,3.7389327758781974,200.03104166666665,202.829,1.5380172294836176,227.52291666666667,229.89,0.9948759117147556,1600.5886666666663,1671.548,28.2513765892633,2.680000000000007,0.568000000000012,2.140000000000015,34.59999999999991,-0.6654193810020994,-0.1599999999999966,2.0800000000000054,1.085000000000008,0.6490000000000009,8.700000000000045,40.299999999999955,-0.039999999999992,1.460000000000008,-0.8324289946221674,-0.0739068428167441,966,83.85416666666666,0.0,,0.0,,0.0,,0,0,0,0,0,0,0,0,0,0,0,0,0,0,0,0,0,0,,0,0.0,False,0.0,False,0.0,False,1.0,True,train
MACH-01,2025-06-03T22:00:00,46.482,46.482,197.716,197.716,226.06,226.06,1594.56,1594.56,27,2025-06-03T23:00:00,45.967000000000006,46.872,0.8821507807626056,198.5845,199.389,0.6000819110759507,226.78833333333333,227.85,0.8281163364327088,1594.793333333333,1615.26,14.31791418701315,45.986999999999995,49.322,1.6874698650507798,198.9095,200.896,1.00135149582043,226.9358333333333,228.19,0.8639597879249691,1593.0766666666666,1615.26,17.350338395091804,49.13454166666667,56.522,3.7734657461435703,199.97204166666668,202.829,1.599918869659584,227.51583333333335,229.89,1.005034789216946,1601.6386666666667,1671.548,27.49852298115106,3.1300000000000026,-0.9089999999999918,-0.4000000000000057,7.099999999999909,-0.7029457387754301,-0.2300000000000039,0.6799999999999997,-1.6730000000000018,-1.3359999999999843,-20.700000000000045,5.5,-1.75,-0.5099999999999909,-0.8875829310285991,-0.8765472504079237,974,84.54861111111111,0.0,,0.0,,0.0,,0,0,0,0,0,0,0,0,0,0,0,0,0,0,0,0,0,0,,0,0.0,False,0.0,False,0.0,False,1.0,True,train
MACH-01,2025-06-03T23:00:00,48.419,48.419,200.163,200.163,227.87,227.87,1553.86,1553.86,23,2025-06-04T00:00:00,46.4865,48.419,1.2523376142239215,198.894,200.163,0.8532115798560453,227.085,227.87,0.8465400167741244,1589.0433333333333,1615.26,22.184626809271876,45.911750000000005,48.419,1.5388173809189103,198.84841666666668,200.296,0.8847217804416657,226.90916666666664,227.87,0.8258269501021318,1588.0599999999995,1615.26,19.32266685903939,49.101499999999994,56.522,3.7762288757090903,200.0304583333333,202.829,1.5792399376906463,227.49708333333336,229.89,0.9935114675895802,1599.8011666666669,1671.548,29.177206910556407,3.1169999999999973,1.856999999999999,1.7800000000000011,-34.5,-0.1807358670419147,1.9369999999999976,1.546999999999997,2.4470000000000027,1.8590000000000089,-40.700000000000045,-52.700000000000045,1.8100000000000025,0.0200000000000102,-0.4230908665970505,0.2974282889678184,963,83.59375,0.0,,0.0,,0.0,,0,0,0,0,0,0,0,0,0,0,0,0,0,0,0,0,0,0,,0,0.0,False,0.0,False,1.0,True,1.0,True,train
MACH-01,2025-06-04T00:00:00,48.77,48.77,200.284,200.284,228.22,228.22,1560.86,1560.86,24,2025-06-04T01:00:00,47.17616666666667,48.77,1.1630226853620358,199.15133333333335,200.284,1.0149789488787484,227.39666666666668,228.22,0.8658329323064938,1586.6933333333334,1615.26,24.59110950458849,45.96408333333333,48.77,1.629563826657754,198.92158333333336,200.296,0.9674624219466028,226.94333333333336,228.22,0.8735854366639596,1583.9349999999995,1615.26,19.41270085653791,48.99433333333334,56.522,3.746257398091278,200.00616666666667,202.829,1.5702712495303164,227.53833333333333,229.89,1.0024520661496292,1600.2095000000002,1671.548,28.526743926418387,4.138000000000005,1.5439999999999827,1.8700000000000043,-14.100000000000136,-0.0598819860716543,0.3510000000000062,2.058,0.1209999999999809,0.8949999999999818,7.0,-54.40000000000009,0.3499999999999943,0.4099999999999966,-0.3389211636463656,0.3554793883811581,968,84.02777777777779,0.0,,0.0,,0.0,,0,0,0,0,0,0,0,0,0,0,0,0,0,0,0,0,0,0,,0,0.0,False,0.0,False,1.0,True,1.0,True,train
MACH-01,2025-06-04T01:00:00,51.249,51.249,200.206,200.206,228.62,228.62,1589.66,1589.66,25,2025-06-04T02:00:00,48.084,51.249,1.8175685956794163,199.34366666666665,200.284,1.098309003271361,227.73833333333337,228.62,0.8787585940782116,1586.7933333333333,1615.26,24.60387503355239,46.38966666666667,51.249,2.234756376119324,199.1585,200.296,0.8966000932816985,227.0275,228.62,0.9851822627864124,1583.1766666666665,1615.26,18.953235911451277,49.047125,56.522,3.769634814656398,200.01320833333332,202.829,1.5707943706004928,227.57625,229.89,1.0261570881523692,1600.3803333333333,1671.548,28.44736667062038,5.447000000000003,1.1539999999999964,2.0500000000000114,0.6000000000001364,0.5841083044540754,2.478999999999999,4.767000000000003,-0.0780000000000029,2.4899999999999807,28.800000000000185,-4.899999999999864,0.4000000000000057,2.5600000000000023,0.2555423509255548,0.3180580185113946,968,84.02777777777779,0.0,,0.0,,0.0,,0,0,0,0,0,0,0,0,0,0,0,0,0,0,0,0,0,0,,0,0.0,False,0.0,False,1.0,True,1.0,True,train
MACH-01,2025-06-04T02:00:00,50.325,50.325,199.433,199.433,228.37,228.37,1578.76,1578.76,20,2025-06-04T03:00:00,48.6595,51.249,1.901773566963228,199.53183333333337,200.284,0.9742737637167818,227.82499999999996,228.62,0.9167933245828176,1582.16,1615.26,22.67932979609387,46.82908333333333,51.249,2.455345724900621,199.08658333333335,200.284,0.8291391437490973,227.16166666666663,228.62,1.05275252494961,1585.0016666666668,1615.26,17.158218721561422,49.00016666666667,56.522,3.745315864855225,200.02920833333337,202.829,1.5624796897230884,227.63208333333333,229.89,1.0315837514385473,1600.2386666666669,1671.548,28.550327814559516,3.453000000000003,1.128999999999991,0.5200000000000102,-27.799999999999955,0.3537307349067985,-0.9239999999999996,1.906000000000006,-0.7729999999999961,-0.7300000000000182,-10.900000000000093,24.90000000000009,-0.25,0.5,0.0339674064058071,-0.0527973521209891,971,84.28819444444444,0.0,,0.0,,0.0,,0,0,0,0,0,0,0,0,0,0,0,0,0,0,0,0,0,0,,0,0.0,False,0.0,False,1.0,True,1.0,True,train
MACH-01,2025-06-04T03:00:00,51.999,51.999,200.114,200.114,227.65,227.65,1595.06,1595.06,26,2025-06-04T04:00:00,49.540666666666674,51.999,2.038847190612062,199.65266666666665,200.284,0.9976932728383112,227.79833333333332,228.62,0.9196394220923184,1578.793333333333,1595.06,17.7457224892833,47.493,51.999,2.6956343156363376,199.19433333333336,200.284,0.874274695061153,227.32666666666668,228.62,0.9476222236671208,1586.2016666666666,1615.26,17.329662344363967,49.00962499999999,56.522,3.752899085895203,200.014,202.829,1.5596851689001243,227.635,229.89,1.0315290465678544,1599.6719999999998,1671.548,28.51085307311048,5.286999999999999,0.7249999999999943,-0.1599999999999966,-20.200000000000045,0.7965508615020311,1.6739999999999997,3.228999999999999,0.6810000000000116,-0.1699999999999875,16.299999999999955,34.200000000000045,-0.7199999999999989,-0.5699999999999932,0.4353921435552201,0.2739199925111698,973,84.46180555555556,0.0,,0.0,,0.0,,0,0,0,0,0,0,0,0,0,0,0,0,0,0,0,0,0,0,,0,0.0,False,0.0,False,1.0,True,1.0,True,train
MACH-01,2025-06-04T04:00:00,53.01,53.01,202.512,202.512,228.92,228.92,1607.76,1607.76,25,2025-06-04T05:00:00,50.62866666666667,53.01,1.809025004433791,200.452,202.512,1.055316634948893,228.275,228.92,0.4694145289607248,1580.993333333333,1607.76,20.668784837688392,48.29783333333333,53.01,2.7871004102775787,199.51825,202.512,1.2732073404666877,227.53166666666667,228.92,1.00729911900662,1587.8933333333334,1615.26,18.420163523769045,49.04745833333334,56.522,3.7898241897867457,200.004125,202.829,1.5422689189886156,227.68291666666667,229.89,1.06426328536686,1600.080333333333,1671.548,28.555410833746173,6.527999999999999,4.795999999999992,2.859999999999985,13.200000000000044,1.0455740077192426,1.0109999999999957,1.7609999999999957,2.397999999999996,2.3060000000000116,12.700000000000044,18.09999999999991,1.2699999999999818,0.2999999999999829,0.6778296640200081,1.4243872354302634,972,84.375,0.0,,0.0,,0.0,,0,0,0,0,0,0,0,0,0,0,0,0,0,0,0,0,0,0,,0,0.0,False,0.0,False,1.0,True,1.0,True,train
MACH-01,2025-06-04T05:00:00,57.629,57.629,203.085,203.085,229.88,229.88,1624.36,1624.36,50,2025-06-04T06:00:00,52.16366666666667,57.629,3.0445869123194087,200.939,203.085,1.4828769335314549,228.61,229.88,0.7537108198767415,1592.743333333333,1624.36,22.14528542752765,49.32508333333334,57.629,3.7035604357853833,199.9165,203.085,1.571928317819797,227.8475,229.88,1.1037302453704654,1590.8933333333334,1624.36,21.221615624097353,49.094833333333334,57.629,3.8926432359412098,200.016125,203.085,1.5658840068236677,227.6825,229.88,1.0633632043417622,1598.5678333333335,1671.548,26.059435970516,9.21,2.921999999999997,2.009999999999991,70.5,2.1923834652684713,4.619,7.303999999999995,0.5730000000000075,3.6520000000000152,16.59999999999991,45.59999999999991,0.960000000000008,1.509999999999991,1.7854645868952406,1.6992903756273652,969,84.11458333333334,0.0,,0.0,,0.0,,0,0,0,0,0,0,0,0,0,0,0,0,0,0,0,0,0,0,,0,0.0,False,0.0,False,1.0,True,1.0,True,train
MACH-01,2025-06-04T06:00:00,55.815,55.815,201.105,201.105,228.93,228.93,1620.36,1620.36,46,2025-06-04T07:00:00,53.33783333333333,57.629,2.8245638542377836,201.07583333333332,203.085,1.4478128907653272,228.72833333333335,229.88,0.7357558471842985,1602.66,1624.36,17.934101594448805,50.257,57.629,3.82042741540305,200.1135833333333,203.085,1.5592195867475318,228.0625,229.88,1.0346288311186669,1594.6766666666665,1624.36,22.149444209456743,49.19491666666667,57.629,4.036707212963112,199.97925,203.085,1.527325945395516,227.70833333333337,229.88,1.0865488510864396,1596.4350000000002,1630.36,21.5273183370012,7.044999999999995,0.820999999999998,0.710000000000008,59.5,1.639971140853168,-1.814,3.8159999999999954,-1.9800000000000184,0.9909999999999854,-4.0,25.299999999999955,-0.9499999999999886,1.2800000000000011,1.3504678884549566,0.7493632943180117,965,83.76736111111111,0.0,,0.0,,0.0,,0,0,0,0,0,0,0,0,0,0,0,0,0,0,0,0,0,0,,0,0.0,False,0.0,False,1.0,True,1.0,True,train
MACH-01,2025-06-04T07:00:00,54.429,54.429,201.265,201.265,229.32,229.32,1616.76,1616.76,46,2025-06-04T08:00:00,53.86783333333333,57.629,2.6469916823946757,201.25233333333333,203.085,1.3836958721721222,228.845,229.88,0.7698506348631292,1607.1766666666665,1624.36,17.410159869073137,50.97591666666667,57.629,3.71616599732796,200.29799999999997,203.085,1.5531056862710528,228.29166666666663,229.88,0.976941733940863,1596.985,1624.36,22.940164261913903,49.107708333333335,57.629,3.891529647604964,199.91408333333337,203.085,1.4307617586953318,227.73208333333332,229.88,1.1161345530803508,1596.6224999999995,1630.36,21.690126234923937,3.1799999999999997,1.0589999999999975,0.6999999999999886,27.09999999999991,1.3674036043748627,-1.3859999999999957,1.419000000000004,0.1599999999999966,-1.247000000000014,-3.599999999999909,9.0,0.3899999999999863,0.4000000000000057,1.018105471675336,0.82612507866624,964,83.68055555555556,0.0,,0.0,,0.0,,0,0,0,0,0,0,0,0,0,0,0,0,0,0,0,0,0,0,,0,0.0,False,0.0,False,1.0,True,1.0,True,train
MACH-01,2025-06-04T08:00:00,54.86,54.86,201.829,201.829,229.1,229.1,1588.26,1588.26,47,2025-06-04T09:00:00,54.62366666666667,57.629,2.00189147224983,201.65166666666667,203.085,1.0619641550758605,228.96666666666667,229.88,0.7367405694447496,1608.76,1624.36,14.497310095325272,51.64158333333334,57.629,3.628616226565778,200.59175,203.085,1.4729675133738704,228.39583333333337,229.88,0.9920910729212096,1595.46,1624.36,22.853883696211405,49.175125,57.629,3.979291397620175,199.96004166666668,203.085,1.4750066611247423,227.76,229.88,1.1424192484069076,1594.868333333333,1626.26,20.513493261682303,4.534999999999997,2.396000000000015,0.7299999999999898,9.5,1.4286149045028096,0.4309999999999974,-2.7689999999999984,0.5640000000000214,-1.2560000000000002,-28.5,-36.09999999999991,-0.2199999999999988,-0.7800000000000011,1.1214591525065165,1.0967103684937605,964,83.68055555555556,0.0,,0.0,,0.0,,0,0,0,0,0,0,0,0,0,0,0,0,0,0,0,0,0,0,,0,0.0,False,0.0,False,1.0,True,1.0,True,train
MACH-01,2025-06-04T09:00:00,54.539,54.539,202.72,202.72,228.1,228.1,1616.26,1616.26,49,2025-06-04T10:00:00,55.047,57.629,1.554404966538618,202.086,203.085,0.8104176700931064,229.04166666666663,229.88,0.5826977489794692,1612.2933333333333,1624.36,12.996255871084276,52.29383333333334,57.629,3.355111211632738,200.86933333333332,203.085,1.538126861615955,228.42,229.88,0.97998144694882,1595.5433333333333,1624.36,22.93432652888004,49.310833333333335,57.629,4.107732429229653,200.03404166666667,203.085,1.5681281968215233,227.73708333333332,229.88,1.1292301308440016,1594.4516666666668,1624.36,19.941739417976507,2.539999999999999,2.6059999999999945,0.4499999999999886,21.200000000000045,1.2727622250817183,-0.3209999999999979,-1.2759999999999962,0.8909999999999911,1.615000000000009,28.0,-4.099999999999909,-1.0,-0.8300000000000125,1.04448344126102,1.5241775550829617,967,83.94097222222221,0.0,,0.0,,0.0,,0,0,0,0,0,0,0,0,0,0,0,0,0,0,0,0,0,0,,0,0.0,False,0.0,False,1.0,True,1.0,True,train
MACH-01,2025-06-04T10:00:00,54.485,54.485,202.186,202.186,228.72,228.72,1619.36,1619.36,50,2025-06-04T11:00:00,55.292833333333334,57.629,1.2557662866419774,202.03166666666667,203.085,0.7867268056103273,229.00833333333333,229.88,0.5966042797916852,1614.2266666666665,1624.36,13.049699868835894,52.96075,57.629,2.8526057346349383,201.24183333333335,203.085,1.211655579124948,228.64166666666665,229.88,0.6392301240676134,1597.6099999999997,1624.36,23.933297459244553,49.473875,57.629,4.235631407296706,200.0756666666667,203.085,1.612689184498106,227.78875,229.88,1.1452104894811108,1595.3433333333332,1624.36,20.573847195062463,1.4750000000000014,-0.3259999999999934,-0.1999999999999886,11.599999999999907,1.1830880730951596,-0.054000000000002,0.0559999999999973,-0.5339999999999918,0.9210000000000208,3.099999999999909,2.599999999999909,0.6200000000000045,-0.5999999999999943,1.0315342561916836,1.2679850998207485,969,84.11458333333334,0.0,,0.0,,0.0,,0,0,0,0,0,0,0,0,0,0,0,0,0,0,0,0,0,0,,0,0.0,False,0.0,False,1.0,True,1.0,True,train
MACH-01,2025-06-04T11:00:00,50.469,50.469,200.327,200.327,227.32,227.32,1605.34,1605.34,41,2025-06-04T12:00:00,54.0995,55.815,1.852143164012964,201.572,202.72,0.8512710496659486,228.58166666666668,229.32,0.7453969859517506,1611.0566666666666,1620.36,12.389256098196164,53.13158333333333,57.629,2.6066710033482097,201.2555,203.085,1.1992421470550068,228.59583333333333,229.88,0.7148357514250984,1601.9,1624.36,19.59979406199656,49.52166666666667,57.629,4.240311613514998,200.05195833333332,203.085,1.6042654957322875,227.75249999999997,229.88,1.1457264640545537,1594.9799999999998,1624.36,20.30417048614442,-7.159999999999997,-2.7580000000000098,-2.5600000000000023,-19.019999999999985,0.2234112536243634,-4.015999999999998,-4.390999999999998,-1.8590000000000089,-1.5020000000000095,-14.019999999999982,17.079999999999927,-1.4000000000000057,-1.7800000000000011,0.0684985665907025,0.3761091179247479,964,83.68055555555556,0.0,,0.0,,0.0,,0,0,0,0,0,0,0,0,0,0,0,0,0,0,0,0,0,0,,0,0.0,False,1.0,True,1.0,True,1.0,True,train
MACH-01,2025-06-04T12:00:00,49.8,49.8,199.512,199.512,227.42,227.42,1596.04,1596.04,47,2025-06-04T13:00:00,53.097,54.86,2.3093243167645348,201.3065,202.72,1.2021548569129816,228.33,229.32,0.8516102394871753,1607.003333333333,1619.36,12.710936498412888,53.21741666666666,57.629,2.4629933915804743,201.19116666666665,203.085,1.2744451080112067,228.52916666666667,229.88,0.7867592716425195,1604.8316666666667,1624.36,14.992704791652548,49.59074999999999,57.629,4.23035114433162,200.056375,203.085,1.6025548030376973,227.73625,229.88,1.1476395908276031,1594.3833333333332,1624.36,20.041261495196004,-6.015000000000001,-1.592999999999989,-1.510000000000019,-24.319999999999936,0.0494639789607973,-0.669000000000004,-4.739000000000004,-0.8149999999999977,-3.2079999999999984,-9.299999999999956,-20.220000000000027,0.0999999999999943,-0.6800000000000068,-0.0919274484349599,-0.0148962210990469,965,83.76736111111111,0.0,,0.0,,0.0,,0,0,0,0,0,0,0,0,0,0,0,0,0,0,0,0,0,0,,0,0.0,False,1.0,True,1.0,True,1.0,True,train
MACH-01,2025-06-04T13:00:00,50.939,50.939,200.266,200.266,227.03,227.03,1609.54,1609.54,54,2025-06-04T14:00:00,52.51533333333333,54.86,2.345958965256354,201.14,202.72,1.2759675544462517,227.94833333333335,229.1,0.8321157772006532,1605.8,1619.36,11.91967784799641,53.191583333333334,57.629,2.487024708665868,201.19616666666664,203.085,1.2703397421975051,228.39666666666665,229.88,0.89632921441083,1606.4883333333337,1624.36,14.243491549303997,49.790625000000006,57.629,4.173259228994927,200.17733333333337,203.085,1.4964699815890703,227.71208333333337,229.88,1.1564863546129538,1594.8325000000002,1624.36,20.263188995339647,-3.490000000000002,-0.9989999999999952,-2.289999999999992,-7.220000000000027,0.2751746146084879,1.139000000000003,-3.5459999999999994,0.7539999999999907,-1.920000000000016,13.5,-9.819999999999936,-0.3899999999999863,-1.6899999999999975,0.1812044366386259,0.3468436876419819,971,84.28819444444444,0.0,,0.0,,0.0,,0,0,0,0,0,0,0,0,0,0,0,0,0,0,0,0,0,0,,0,0.0,False,1.0,True,1.0,True,1.0,True,train
MACH-01,2025-06-04T14:00:00,48.435,48.435,197.583,197.583,226.76,226.76,1593.34,1593.34,39,2025-06-04T15:00:00,51.444500000000005,54.539,2.521474628069857,200.43233333333333,202.72,1.8608192461027784,227.5583333333333,228.72,0.7259866849098704,1606.6466666666663,1619.36,10.52323651101146,53.034083333333335,57.629,2.7327695062412105,201.042,203.085,1.5786185560340025,228.2625,229.88,1.01351884765193,1607.7033333333331,1624.36,12.127920704143923,49.93158333333333,57.629,4.061893003928383,200.06429166666663,203.085,1.5868552022699107,227.71208333333337,229.88,1.1564863546129538,1596.3525,1624.36,18.590079460502757,-6.424999999999997,-4.246000000000009,-2.3400000000000034,5.079999999999927,-0.3684447945541485,-2.503999999999998,-2.033999999999999,-2.6829999999999927,-2.744,-16.200000000000045,-12.0,-0.2700000000000102,-0.5600000000000023,-0.4192540710209497,-0.9403554836473944,966,83.85416666666666,0.0,,0.0,,0.0,,0,0,0,0,0,0,0,0,0,0,0,0,0,0,0,0,0,0,,0,0.0,False,1.0,True,1.0,True,1.0,True,train
MACH-01,2025-06-04T15:00:00,50.519,50.519,198.815,198.815,227.17,227.17,1608.74,1608.74,46,2025-06-04T16:00:00,50.7745,54.485,2.018731854407623,199.7815,202.186,1.559107789731076,227.40333333333336,228.72,0.6853514913287136,1605.3933333333332,1619.36,9.552312111037947,52.91075,57.629,2.815864702489572,200.93375,203.085,1.688736220588517,228.2225,229.88,1.0487492550653996,1608.8433333333332,1624.36,11.455751499756934,50.201875,57.629,3.863221299612882,200.06404166666667,203.085,1.5870600514423274,227.77458333333337,229.88,1.0792830920355387,1597.5225,1624.36,18.442550340000597,-4.020000000000003,-3.905000000000001,-0.9300000000000068,-7.519999999999982,0.0820882303666567,2.083999999999996,0.7190000000000012,1.231999999999999,-0.6970000000000027,15.400000000000093,12.700000000000044,0.4099999999999966,-0.25,0.0804885527660128,-0.3492897441660247,964,83.68055555555556,0.0,,0.0,,0.0,,0,0,0,0,0,0,0,0,0,0,0,0,0,0,0,0,0,0,,0,0.0,False,1.0,True,1.0,True,1.0,True,train
MACH-01,2025-06-04T16:00:00,49.97,49.97,197.321,197.321,226.79,226.79,1585.04,1585.04,43,2025-06-04T17:00:00,50.022,50.939,0.8784377041088683,198.9706666666667,200.327,1.3024454947010655,227.08166666666668,227.42,0.2721335456474076,1599.6733333333332,1609.54,9.788905284385567,52.65741666666667,57.629,2.94013080903586,200.50116666666668,203.085,1.8994180847318232,228.045,229.88,1.0990119529502196,1606.9499999999998,1624.36,13.36884165785021,50.477625,57.629,3.5787481271540655,200.00970833333335,203.085,1.6591519174400464,227.78833333333333,229.88,1.063798226482278,1597.4216666666669,1624.36,18.506463187495417,-4.515000000000001,-4.865000000000009,-1.9300000000000068,-34.319999999999936,-0.1418442935808609,-0.5489999999999995,-0.9690000000000012,-1.4939999999999998,-2.944999999999993,-23.700000000000045,-24.5,-0.3799999999999954,-0.2400000000000091,-0.051161495438902,-1.066052905517621,959,83.24652777777779,0.0,,0.0,,0.0,,0,0,0,0,0,0,0,0,0,0,0,0,0,0,0,0,0,0,,0,0.0,False,1.0,True,1.0,True,1.0,True,train
MACH-01,2025-06-04T17:00:00,53.129,53.129,199.446,199.446,227.38,227.38,1599.14,1599.14,50,2025-06-04T18:00:00,50.46533333333334,53.129,1.5577315130235747,198.82383333333337,200.266,1.160927459692105,227.09166666666667,227.42,0.2835077894284848,1598.64,1609.54,9.39020766543548,52.28241666666667,55.815,2.5028404030886193,200.19791666666663,202.72,1.7325581432370936,227.83666666666667,229.32,0.9458169468611896,1604.8483333333334,1620.36,12.324658087332256,50.80375,57.629,3.4405585523536666,200.0572083333333,203.085,1.624206186824477,227.8420833333333,229.88,1.0052340379308078,1597.8708333333334,1624.36,18.407522072255045,2.6599999999999966,-0.8810000000000002,0.0600000000000022,-6.199999999999818,0.6758350321953703,3.158999999999999,4.6939999999999955,2.125,1.8629999999999995,14.100000000000136,5.800000000000182,0.5900000000000034,0.6200000000000045,0.7063658311172483,-0.0465604571426929,969,84.11458333333334,0.0,,0.0,,0.0,,0,0,0,0,0,0,0,0,0,0,0,0,0,0,0,0,0,0,,0,1.0,True,1.0,True,1.0,True,1.0,True,train
MACH-01,2025-06-04T18:00:00,52.575,52.575,197.503,197.503,226.58,226.58,1608.44,1608.44,44,2025-06-04T19:00:00,50.92783333333333,53.129,1.723787970333563,198.489,200.266,1.2113719494856336,226.95166666666668,227.38,0.2960686857245888,1600.7066666666667,1609.54,10.045231040980308,52.01241666666667,54.86,2.2489991898753763,199.89775,202.72,1.867859987209517,227.64083333333335,229.32,0.9421393289485236,1603.8550000000002,1619.36,11.407003032425626,51.13470833333333,57.629,3.1942830654994068,200.00566666666663,203.085,1.6862646825780947,227.8516666666667,229.88,0.9913919361255042,1599.2658333333331,1624.36,17.856121083396058,2.7750000000000057,-2.0090000000000146,-0.839999999999975,12.400000000000093,0.4508966917249374,-0.5539999999999949,2.0560000000000045,-1.943000000000012,-1.3120000000000118,9.299999999999956,-0.2999999999999545,-0.799999999999983,-0.589999999999975,0.5735167842948034,-0.9787363758215154,972,84.375,0.0,,0.0,,0.0,,0,0,0,0,0,0,0,0,0,0,0,0,0,0,0,0,0,0,,0,1.0,True,1.0,True,1.0,True,1.0,True,train
MACH-01,2025-06-04T19:00:00,54.839,54.839,198.154,198.154,226.85,226.85,1634.94,1634.94,41,2025-06-04T20:00:00,51.57783333333333,54.839,2.3502904004966454,198.13699999999997,199.446,0.8423991927825868,226.92166666666665,227.38,0.2956630965587339,1604.9399999999998,1634.94,17.267889274604972,52.04658333333333,54.86,2.291757184438118,199.6385,202.72,1.8767155787802463,227.43499999999997,229.1,0.8012093132486408,1605.37,1634.94,14.153420402533662,51.51125,57.629,3.068496377990237,199.96825,203.085,1.718009800295997,227.86333333333332,229.88,0.9771994886305942,1601.1775,1634.94,19.126721860538566,3.8999999999999986,-2.1119999999999948,-0.1800000000000068,25.40000000000009,1.0844888147398002,2.263999999999996,4.869,0.6510000000000105,0.8329999999999984,26.5,49.90000000000009,0.2699999999999818,0.0600000000000022,1.1164233583128855,-0.6664118657546501,965,83.76736111111111,0.0,,0.0,,0.0,,0,0,0,0,0,0,0,0,0,0,0,0,0,0,0,0,0,0,,0,1.0,True,1.0,True,1.0,True,1.0,True,train
MACH-01,2025-06-04T20:00:00,57.83,57.83,199.624,199.624,227.34,227.34,1649.54,1649.54,61,2025-06-04T21:00:00,53.14366666666666,57.83,2.9024302690446553,198.47716666666665,199.624,0.9755157439361472,227.01833333333332,227.38,0.3255405760679501,1614.3066666666666,1649.54,23.744866111787204,52.29408333333333,57.83,2.739793968973526,199.45475,202.72,1.746149692895793,227.28833333333333,228.72,0.6060278021424843,1610.4766666666667,1649.54,17.961607203512443,51.96783333333334,57.83,3.1620104455822253,200.02325,203.085,1.68319063608118,227.8420833333333,229.88,0.9830298291139068,1602.9683333333332,1649.54,21.515529612182885,9.394999999999996,2.040999999999997,0.5800000000000125,56.200000000000045,1.853936527900132,2.9909999999999997,4.7010000000000005,1.4699999999999989,0.1779999999999972,14.599999999999907,50.399999999999864,0.4900000000000091,-0.039999999999992,1.833664331319991,0.0388370279447114,970,84.20138888888889,0.0,,0.0,,0.0,,0,0,0,0,0,0,0,0,0,0,0,0,0,0,0,0,0,0,,0,1.0,True,1.0,True,1.0,True,1.0,True,train
MACH-01,2025-06-04T21:00:00,58.269,58.269,201.103,201.103,227.44,227.44,1669.44,1669.44,46,2025-06-04T22:00:00,54.435333333333325,58.269,3.209057722551369,198.8585,201.103,1.46058436935375,227.06333333333336,227.44,0.3667515053365549,1624.4233333333334,1669.44,32.291510752312554,52.60491666666666,58.269,3.1919180742029822,199.32,202.186,1.5188633908288285,227.23333333333335,228.72,0.5533260313500858,1614.908333333333,1669.44,24.783360192358327,52.449375,58.269,3.206493897410464,200.09466666666663,203.085,1.6914514648582448,227.82666666666668,229.88,0.986450230863774,1605.2258333333336,1669.44,25.360188230796112,7.75,2.288000000000011,0.2700000000000102,60.700000000000045,1.8149496572252557,0.439,5.6939999999999955,1.4790000000000134,3.6000000000000227,19.90000000000009,61.0,0.0999999999999943,0.8599999999999852,1.9389364099392217,0.7484037720136679,970,84.20138888888889,0.0,,0.0,,0.0,,0,0,0,0,0,0,0,0,0,0,0,0,0,0,0,0,0,0,,0,1.0,True,1.0,True,1.0,True,1.0,True,train
MACH-01,2025-06-04T22:00:00,56.975,56.975,199.64,199.64,227.91,227.91,1626.14,1626.14,22,2025-06-04T23:00:00,55.602833333333336,58.269,2.442237696594362,199.245,201.103,1.266260320787292,227.25,227.91,0.4702339843097874,1631.2733333333333,1669.44,26.01566194942436,52.81241666666666,58.269,3.399438334846458,199.10783333333333,201.103,1.233055099656086,227.16583333333335,227.91,0.376695158482508,1615.4733333333334,1669.44,24.97064943755491,52.886583333333334,58.269,3.0699168791561213,200.17483333333337,203.085,1.6178032789172727,227.90374999999997,229.88,0.9118581721337736,1606.5416666666667,1669.44,25.60085658666468,7.005000000000003,2.3189999999999884,1.1200000000000043,41.100000000000136,1.331767871119207,-1.293999999999997,2.136000000000003,-1.4630000000000225,1.48599999999999,-43.299999999999955,-8.799999999999955,0.4699999999999988,1.0600000000000025,1.628635567722173,0.0465132063795301,965,83.76736111111111,1.0,3.0,1.0,3.0,1.0,0.0,1,0,0,0,0,0,0,0,0,1,0,0,0,0,0,0,0,0,,0,1.0,True,1.0,True,1.0,True,1.0,True,train
MACH-01,2025-06-04T23:00:00,46.212,46.212,199.173,199.173,225.9,225.9,1562.66,1562.66,18,2025-06-05T00:00:00,54.45,58.269,4.558867754168781,199.19949999999997,201.103,1.2624925742357278,227.00333333333333,227.91,0.713601195813639,1625.1933333333334,1669.44,36.97976022997873,52.45766666666666,58.269,3.857480556324773,199.01166666666663,201.103,1.172858848620695,227.0475,227.91,0.5197398824935711,1611.9166666666667,1669.44,29.22270578391515,52.794625,58.269,3.2380131564104357,200.13358333333335,203.085,1.6306880894050944,227.82166666666663,229.88,0.9994853748269296,1606.908333333333,1669.44,24.8659927833458,-6.9169999999999945,-0.2729999999999961,-1.4799999999999898,-36.48000000000002,-2.032921017312139,-10.762999999999998,-11.617999999999997,-0.4669999999999845,-0.4509999999999934,-63.48000000000002,-86.87999999999988,-2.009999999999991,-1.4399999999999975,-0.9523288563752776,-0.1775352516868583,960,83.33333333333334,0.0,,1.0,3.0,1.0,1.0,0,0,0,0,0,0,0,0,0,1,0,0,0,0,0,0,0,0,,0,0.0,False,0.0,False,0.0,False,0.0,False,train
MACH-01,2025-06-05T00:00:00,49.172,49.172,200.439,200.439,228.81,228.81,1549.76,1549.76,24,2025-06-05T01:00:00,53.88283333333334,58.269,5.026489169058917,199.68883333333335,201.103,1.0189212759908437,227.375,228.81,0.9800153060028136,1615.4133333333332,1669.44,48.31798119403068,52.40533333333334,58.269,3.900830525398179,199.08891666666668,201.103,1.237553044470734,227.16333333333333,228.81,0.724761193689828,1608.0600000000002,1669.44,34.1474449995888,52.811375,58.269,3.2172621605617917,200.14004166666663,203.085,1.631616389249253,227.84625000000003,229.88,1.0168143454159453,1606.4458333333332,1669.44,25.843722628044873,-3.403000000000006,2.936000000000007,2.2299999999999898,-58.680000000000064,-1.131202500253974,2.9599999999999937,-9.097,1.2659999999999911,-0.6640000000000157,-12.900000000000093,-119.68000000000006,2.9099999999999966,1.3700000000000043,-0.2425216747968664,0.4298423669685063,960,83.33333333333334,0.0,,1.0,3.0,1.0,2.0,0,0,0,0,0,0,0,0,0,1,0,0,0,0,0,0,0,0,,0,0.0,False,0.0,False,0.0,False,0.0,False,train
MACH-01,2025-06-05T01:00:00,49.832,49.832,200.468,200.468,227.22,227.22,1575.66,1575.66,23,2025-06-05T02:00:00,53.04833333333334,58.269,5.246801336687584,200.07450000000003,201.103,0.7141368916391211,227.43666666666664,228.81,0.9516021577667948,1605.5333333333335,1669.44,49.57113461145194,52.31308333333333,58.269,3.951421572923997,199.10575000000003,201.103,1.2562519380355914,227.17916666666667,228.81,0.7236581103020828,1605.236666666667,1669.44,35.39188795943613,52.75233333333333,58.269,3.259900247429133,200.15095833333336,203.085,1.632952819658912,227.7879166666667,229.88,1.0106346657108092,1605.8625,1669.44,26.391278738973945,-5.006999999999998,2.313999999999993,0.3700000000000045,-59.27999999999997,-0.8958351825754193,0.6600000000000037,-7.143000000000001,0.0289999999999963,0.828000000000003,25.90000000000009,-50.48000000000002,-1.5900000000000034,-0.6899999999999977,-0.08425385728276,0.4437554403816212,958,83.15972222222221,0.0,,1.0,3.0,1.0,3.0,0,0,0,0,0,0,0,0,0,1,0,0,0,0,0,0,0,0,,0,0.0,False,0.0,False,0.0,False,0.0,False,train
MACH-01,2025-06-05T02:00:00,53.042,53.042,200.505,200.505,228.32,228.32,1605.26,1605.26,24,2025-06-05T03:00:00,52.25033333333334,58.269,4.710827981009989,200.22133333333332,201.103,0.6932499308810566,227.6,228.81,1.0137652588245778,1598.1533333333334,1669.44,44.77318066283297,52.697,58.269,3.7595229629688833,199.34925,201.103,1.2168321110012186,227.30916666666667,228.81,0.779480693484515,1606.2299999999998,1669.44,35.194359568750365,52.865541666666665,58.269,3.218858925271069,200.19562500000004,203.085,1.6271113591270037,227.78583333333333,229.88,1.009433403995338,1606.9666666666665,1669.44,25.754735937073033,-4.787999999999997,0.8810000000000002,0.9799999999999898,-44.27999999999997,0.0548201513113769,3.210000000000001,6.829999999999998,0.0370000000000061,1.3319999999999936,29.59999999999991,42.59999999999991,1.0999999999999943,2.4199999999999875,0.685503255172208,0.4615066030121523,962,83.50694444444444,0.0,,1.0,3.0,1.0,4.0,0,0,0,0,0,0,0,0,0,1,0,0,0,0,0,0,0,0,,0,0.0,False,0.0,False,0.0,False,0.0,False,train
MACH-01,2025-06-05T03:00:00,51.712,51.712,200.459,200.459,227.98,227.98,1611.76,1611.76,24,2025-06-05T04:00:00,51.1575,56.975,3.683999117806629,200.114,200.505,0.5679795770975995,227.68999999999997,228.81,1.020666448943833,1588.54,1626.14,30.239193110928134,52.796416666666666,58.269,3.7121676945450153,199.48625,201.103,1.2434694224409095,227.3766666666667,228.81,0.8011052970550506,1606.4816666666668,1669.44,35.22472422843991,52.853583333333326,58.269,3.222748933504737,200.21,203.085,1.6278826739050118,227.79958333333332,229.88,1.009750202285031,1607.6625,1669.44,25.64442023385182,-6.556999999999995,-0.6440000000000055,0.539999999999992,-57.680000000000064,-0.3542265801301039,-1.3299999999999983,2.5400000000000063,-0.0459999999999922,0.0200000000000102,6.5,62.0,-0.3400000000000034,-0.8300000000000125,0.3665696229089351,0.4394375900120399,960,83.33333333333334,0.0,,1.0,3.0,1.0,5.0,0,0,0,0,0,0,0,0,0,1,0,0,0,0,0,0,0,0,,0,0.0,False,0.0,False,0.0,False,0.0,False,train
